TRBV_gene	CDR3_beta	TRBJ_gene
TRBV7-8	CASSFQNTGELFF	TRBJ2-2
TRBV7-3	CASSSVNNNEQFF	TRBJ2-1
TRBV12-3	CAVGEANTGELFF	TRBJ2-2
TRBV19	CAYQEVNTGELFF	TRBJ2-2
TRBV20-1	CSARDDQAVNTGELFF	TRBJ2-2
TRBV20-1	CSAGQRNTGELFF	TRBJ2-2
TRBV7-9	CASSLEIEAFF	TRBJ1-1
TRBV7-8	CAGDYLNTGELFF	TRBJ2-2
TRBV7-9	CASSPDIACTF	TRBJ1-2
TRBV9	CASSVDNTGELFF	TRBJ2-2
TRBV7-9	CASSPDIEAFF	TRBJ1-1
TRBV7-2	CAGQDLNTGELFF	TRBJ2-2
TRBV7-9	CASSPDIVAFF	TRBJ1-1
TRBV15	CAAQNLNTGELFF	TRBJ2-2
TRBV7-9	CASSLDIEAFF	TRBJ1-1
TRBV20-1	CSAGDRNTGELFF	TRBJ2-2
TRBV20-1	CSARGGQGQNTGELFF	TRBJ2-2
TRBV7-9	CASSPDIEQYF	TRBJ2-7
TRBV5-4	CASTDLNTGELFF	TRBJ2-2
TRBV7-8	CASSELNTGELFF	TRBJ2-2
TRBV7-9	CATQDVNTGELFF	TRBJ2-2
TRBV2	CASSDLSTGELFF	TRBJ2-2
TRBV2	CASSDLNSGEQYF	TRBJ2-7
TRBV12-3	CANQDSNTGELFF	TRBJ2-2
TRBV2	CASGDLSSGEQYF	TRBJ2-7
TRBV28	CASSDQNGNIQYF	TRBJ2-4
TRBV7-9	CASSPDIEAFF	TRBJ1-1
TRBV7-9	CASSSDIEAFF	TRBJ1-1
TRBV6-5	CASTELNGGTQYF	TRBJ2-3
TRBV12-3	CASGTANTGELFF	TRBJ2-2
TRBV15	CATSGAETHNTGELFF	TRBJ2-2
TRBV12-3	CATLVDLNTGELFF	TRBJ2-2
TRBV30	CAYLEANSYEQYF	TRBJ2-7
TRBV19	CASQDLNTGELFF	TRBJ2-2
TRBV10-1	CASQDLNTGELFF	TRBJ2-2
TRBV19	CASQEANTGELFF	TRBJ2-2
TRBV20-1	CSARDGPGVNTGELFF	TRBJ2-2
TRBV6-5	CATEDLNTGELFF	TRBJ2-2
TRBV7-9	CASSTDIEAFF	TRBJ1-1
TRBV24-1	CATSEENTGELFF	TRBJ2-2
TRBV7-8	CALGEPNTGELFF	TRBJ2-2
TRBV7-9	CASSPDIEQYF	TRBJ2-7
TRBV2	CASSSLNTGELFF	TRBJ2-2
TRBV9	CASSELGGGNTGELFF	TRBJ2-2
TRBV20-1	CSARDWEQMNTGELFF	TRBJ2-2
TRBV4-3	CASSPVGGGNTGELFF	TRBJ2-2
TRBV2	CASTPLNTGELFF	TRBJ2-2
TRBV20-1	CSARDQPGQNTGELFF	TRBJ2-2
TRBV4-2	CASSQTESTDTQYF	TRBJ2-3
TRBV7-8	CASSFQNTGELFF	TRBJ2-2
TRBV30	CALFRDRNTGELFF	TRBJ2-2
TRBV7-9	CASSNSLGGYTF	TRBJ1-2
TRBV7-9	CASSPDIQAFF	TRBJ1-1
TRBV7-9	CASSWDIEAFF	TRBJ1-1
TRBV7-9	CASSQDIEQYF	TRBJ2-7
TRBV12-3	CANQDANTGELFF	TRBJ2-2
TRBV2	CASSELNTGELFF	TRBJ2-2
TRBV2	CASTGLNTGELFF	TRBJ2-2
TRBV5-8	CASSLTGGGNTGELFF	TRBJ2-2
TRBV7-9	CASSLDIEAFF	TRBJ1-1
TRBV20-1	CSARVGERAVNTGELFF	TRBJ2-2
TRBV7-9	CASSQDIEAFF	TRBJ1-1
TRBV2	CASSEIGGGNTGELFF	TRBJ2-2
TRBV9	CASNHANTGELFF	TRBJ2-2
TRBV7-9	CASSADVEAFF	TRBJ1-1
TRBV2	CASTSLNTGELFF	TRBJ2-2
TRBV20-1	CSARDSRAQNTGELFF	TRBJ2-2
TRBV3-1	CASSPLAGGNTGELFF	TRBJ2-2
TRBV28	CASSGTNQNIQYF	TRBJ2-4
TRBV3-1	CASSQLAGGNTGELFF	TRBJ2-2
TRBV7-9	CASTQDIEAFF	TRBJ1-1
TRBV6-4	CASQDRNTGELFF	TRBJ2-2
TRBV30	CAWSVVTDEHNEQFF	TRBJ2-1
TRBV2	CASTDLDTGELFF	TRBJ2-2
TRBV30	CAWSVLAGGNTGELFF	TRBJ2-2
TRBV7-9	CASSPDIEDFF	TRBJ1-1
TRBV7-8	CAASEMNTGELFF	TRBJ2-2
TRBV7-9	CAKGTANTGELFF	TRBJ2-2
TRBV28	CANQDRTSGELFF	TRBJ2-2
TRBV2	CARERDRNTGELFF	TRBJ2-2
TRBV6-6	CASEDRNTGELFF	TRBJ2-2
TRBV5-1	CASGDDNTGELFF	TRBJ2-2
TRBV2	CASGGTNTGELFF	TRBJ2-2
TRBV7-9	CASGPDLGYTF	TRBJ1-2
TRBV28	CASGTLNSLVAFF	TRBJ1-1
TRBV10-2	CASIGLNTGELFF	TRBJ2-2
TRBV5-4	CASIPDRNTGELFF	TRBJ2-2
TRBV7-8	CASNNQNTGELFF	TRBJ2-2
TRBV4-2	CASREGNTGELFF	TRBJ2-2
TRBV2	CASRGGAELNTGELFF	TRBJ2-2
TRBV7-3	CASRPTGLAENTGELFF	TRBJ2-2
TRBV2	CASRRGFEQYF	TRBJ2-7
TRBV7-9	CASSADIQQYF	TRBJ2-7
TRBV9	CASSASYYEQYF	TRBJ2-7
TRBV5-1	CASSDGNTGELFF	TRBJ2-2
TRBV2	CASSDLDGGEAFF	TRBJ1-1
TRBV2	CASSDLNTGELFF	TRBJ2-2
TRBV2	CASSDLNTGELFF	TRBJ2-2
TRBV5-1	CASSDTNTGELFF	TRBJ2-2
TRBV2	CASSELNTGELFF	TRBJ2-2
TRBV2	CASSELNTGELFF	TRBJ2-2
TRBV19	CASSERNSLEAFF	TRBJ1-1
TRBV10-1	CASSESNTGELFF	TRBJ2-2
TRBV5-1	CASSGLNTGELFF	TRBJ2-2
TRBV7-9	CASSLDIETYF	TRBJ2-7
TRBV7-9	CASSPDIEAFF	TRBJ1-1
TRBV7-9	CASSPDIEAFF	TRBJ1-1
TRBV7-9	CASSPDIEAFF	TRBJ1-1
TRBV7-9	CASSPDIEAFF	TRBJ1-1
TRBV7-9	CASSPDIEQYF	TRBJ2-7
TRBV7-9	CASSPDIEQYF	TRBJ2-7
TRBV13	CASSPLNGGNTGELFF	TRBJ2-2
TRBV3-1	CASSQRNDLKAFF	TRBJ1-1
TRBV7-9	CASSSDIEAFF	TRBJ1-1
TRBV7-9	CASSSDIQQFF	TRBJ2-1
TRBV5-6	CASSTLNSLEAFF	TRBJ1-1
TRBV15	CATTDLNTGELFF	TRBJ2-2
TRBV12-3	CATTGNWNTGELFF	TRBJ2-2
TRBV10-2	CAVLAEQNTGELFF	TRBJ2-2
TRBV20-1	CSARDHKAMNTGELFF	TRBJ2-2
TRBV20-1	CSARDLGRGWNTGELFF	TRBJ2-2
TRBV20-1	CSARDQWAANTGELFF	TRBJ2-2
TRBV20-1	CSARDRLAQNTGELFF	TRBJ2-2
TRBV20-1	CSARDSVAVNTGELFF	TRBJ2-2
TRBV20-1	CSARSRQGQNTGELFF	TRBJ2-2
TRBV29-1	CSGWQPQHF	TRBJ1-5
TRBV20-1	CSVGTLNTGELFF	TRBJ2-2
TRBV7-2	CALGDLNTGELFF	TRBJ2-2
TRBV3-1	CASSPLGGGNTGELFF	TRBJ2-2
TRBV11-2	CATQGLNTGELFF	TRBJ2-2
TRBV15	CATQGLNTGELFF	TRBJ2-2
TRBV20-1	CSARDDRAQNTGELFF	TRBJ2-2
TRBV12-3	CASIDENTGELFF	TRBJ2-2
TRBV29-1	CSVDADHNTGELFF	TRBJ2-2
TRBV7-9	CASSNANTGELFF	TRBJ2-2
TRBV7-8	CAIGDENTGELFF	TRBJ2-2
TRBV19	CASQATNTGELFF	TRBJ2-2
TRBV7-8	CALGSSNTGELFF	TRBJ2-2
TRBV20-1	CSARDGLAMNTGELFF	TRBJ2-2
TRBV7-8	CAGGDSNTGELFF	TRBJ2-2
TRBV29-1	CSVGDRNNLELFF	TRBJ2-2
TRBV7-9	CARGLADTGELFF	TRBJ2-2
TRBV4-1	CASLRDMNTGELFF	TRBJ2-2
TRBV20-1	CSARGLAGSNTGELFF	TRBJ2-2
TRBV5-1	CASMEENTGELFF	TRBJ2-2
TRBV3-1	CASSTPRKEWGRAEAFF	TRBJ1-1
TRBV29-1	CSVEEQNTGELFF	TRBJ2-2
TRBV7-9	CASSLEIEAFF	TRBJ1-1
TRBV7-9	CASSPEIEAFF	TRBJ1-1
TRBV7-9	CASSPDIEAFF	TRBJ1-1
TRBV5-4	CASSPDMNTGELFF	TRBJ2-2
TRBV7-9	CASSVPDRANTGELFF	TRBJ2-2
TRBV20-1	CSARDLAAQNTGELFF	TRBJ2-2
TRBV5-1	CASGDENTGELFF	TRBJ2-2
TRBV3-1	CANRDTDTQYF	TRBJ2-3
TRBV20-1	CSAEPGTSGRDDLTQYF	TRBJ2-5
TRBV7-8	CASSDSYGYTF	TRBJ1-2
TRBV6-5	CASSYRNSLEQFF	TRBJ2-1
TRBV5-4	CAIGDRSSGEQYF	TRBJ2-7
TRBV20-1	CSAHGDLNTGELFF	TRBJ2-2
TRBV7-9	CASSPEDTQYF	TRBJ2-3
TRBV30	CACQELNTGELFF	TRBJ2-2
TRBV7-9	CASSVDIEAFF	TRBJ1-1
TRBV2	CALLLDWDTGELFF	TRBJ2-2
TRBV5-1	CAGGVNPNTGELFF	TRBJ2-2
TRBV19	CASQQANTGELFF	TRBJ2-2
TRBV12-5	CASGTANTGELFF	TRBJ2-2
TRBV2	CASMDQNTGELFF	TRBJ2-2
TRBV30	CAWSLAGMGETQYF	TRBJ2-5
TRBV7-9	CASSLGTGGDLHF	TRBJ1-6
TRBV30	CAWSLLNDLEAFF	TRBJ1-1
TRBV2	CATLAEMNTGELFF	TRBJ2-2
TRBV20-1	CSARDSKGNGWNTGELFF	TRBJ2-2
TRBV7-9	CASGEGNTGELFF	TRBJ2-2
TRBV4-3	CASQLMNTGELFF	TRBJ2-2
TRBV7-9	CASSPDIEQYF	TRBJ2-7
TRBV7-2	CAEGELNTGELFF	TRBJ2-2
TRBV5-1	CASGEENTGELFF	TRBJ2-2
TRBV20-1	CSARDHRGANTGELFF	TRBJ2-2
TRBV5-1	CASIDQNTGELFF	TRBJ2-2
TRBV5-4	CASIANRNTGELFF	TRBJ2-2
TRBV2	CASSDMNTGELFF	TRBJ2-2
TRBV15	CATGGLNTGELFF	TRBJ2-2
TRBV12-3	CASQNENTGELFF	TRBJ2-2
TRBV7-9	CASSPDIEAFF	TRBJ1-1
TRBV6-5	CASTDLNTGELFF	TRBJ2-2
TRBV7-9	CASSPDIEQFF	TRBJ2-1
TRBV20-1	CSARDGWDHNTGELFF	TRBJ2-2
TRBV20-1	CSARDVEGMNTGELFF	TRBJ2-2
TRBV7-8	CASSVQNTGELFF	TRBJ2-2
TRBV2	CALWKGGRENTGELFF	TRBJ2-2
TRBV7-9	CASSPEIEAFF	TRBJ1-1
TRBV5-5	CAIGDRNTGELFF	TRBJ2-2
TRBV2	CASSEMNTGELFF	TRBJ2-2
TRBV7-2	CAPGDLNTGELFF	TRBJ2-2
TRBV20-1	CSARDERAVNTGELFF	TRBJ2-2
TRBV4-3	CASQEANTGELFF	TRBJ2-2
TRBV2	CASSDLDTGELFF	TRBJ2-2
TRBV7-9	CASSTDIEAFF	TRBJ1-1
TRBV5-1	CASGTANTGELFF	TRBJ2-2
TRBV7-8	CASSSQNTGELFF	TRBJ2-2
TRBV29-1	CSVLEMNTGELFF	TRBJ2-2
TRBV7-8	CASLSQNTGELFF	TRBJ2-2
TRBV7-9	CASSEGLGGEQYF	TRBJ2-7
TRBV7-9	CASSLDIEAFF	TRBJ1-1
TRBV4-3	CASSPLAGGNTGELFF	TRBJ2-2
TRBV10-3	CAMQEMNTGELFF	TRBJ2-2
TRBV19	CAAQMTNTGELFF	TRBJ2-2
TRBV27	CAITDLNTGELFF	TRBJ2-2
TRBV19	CATQNLNTGELFF	TRBJ2-2
TRBV7-9	CASSPDIEAFF	TRBJ1-1
TRBV7-9	CASNPPPGDSENTGELFF	TRBJ2-2
TRBV7-9	CASSWDIEAFF	TRBJ1-1
TRBV20-1	CSARDGLAQNTGELFF	TRBJ2-2
TRBV5-1	CATQVDQNTGELFF	TRBJ2-2
TRBV2	CATQGPSEINTGELFF	TRBJ2-2
TRBV7-8	CASNDLNTGELFF	TRBJ2-2
TRBV7-9	CASSPEIEAFF	TRBJ1-1
TRBV13	CATQGLNTGELFF	TRBJ2-2
TRBV7-9	CASSPDIEQFF	TRBJ2-1
TRBV15	CATHELNTGELFF	TRBJ2-2
TRBV7-9	CASSPDGEQYF	TRBJ2-7
TRBV6-5	CASSSQNTAEAFF	TRBJ1-1
TRBV30	CAWSDHNSKELFF	TRBJ2-2
TRBV6-6	CATEDRNTGELFF	TRBJ2-2
TRBV2	CAIRTSGMLNTGELFF	TRBJ2-2
TRBV5-1	CASGRQNTGELFF	TRBJ2-2
TRBV5-1	CASGTQNTGELFF	TRBJ2-2
TRBV15	CASQGLNTGELFF	TRBJ2-2
TRBV7-9	CASSADIEQFF	TRBJ2-1
TRBV7-9	CASSPDIEAFF	TRBJ1-1
TRBV7-9	CASSPDIEQFF	TRBJ2-1
TRBV7-9	CASSPDSEQYF	TRBJ2-7
TRBV13	CATQDRNTGELFF	TRBJ2-2
TRBV15	CATSNLNTGELFF	TRBJ2-2
TRBV20-1	CSARDAVAANTGELFF	TRBJ2-2
TRBV20-1	CSARDEVAHNTGELFF	TRBJ2-2
TRBV20-1	CSCGNANTGELFF	TRBJ2-2
TRBV24-1	CATSDLDSGELFF	TRBJ2-2
TRBV2	CASSDLDTGELFF	TRBJ2-2
TRBV5-1	CASSDGTSNEQYF	TRBJ2-7
TRBV20-1	CSARDAEGQNTGELFF	TRBJ2-2
TRBV6-1	CASSEWIQETQYF	TRBJ2-5
TRBV7-9	CASSDDIEAFF	TRBJ1-1
TRBV19	CAGQRANTGELFF	TRBJ2-2
TRBV20-1	CSARGELAVNTGELFF	TRBJ2-2
TRBV7-8	CASSFQNTGELFF	TRBJ2-2
TRBV2	CATMDDLNSGELFF	TRBJ2-2
TRBV7-9	CASSLDVEQYF	TRBJ2-7
TRBV7-9	CASSSDIEAFF	TRBJ1-1
TRBV6-1	CAPQDLDTGELFF	TRBJ2-2
TRBV5-4	CASSPTAGGDTGELFF	TRBJ2-2
TRBV7-8	CASSDSYGYTF	TRBJ1-2
TRBV5-1	CAAQDSNTGELFF	TRBJ2-2
TRBV12-3	CAGGRGNTGELFF	TRBJ2-2
TRBV7-9	CASSPDIEQYF	TRBJ2-7
TRBV5-4	CASSPLVSRNTGELFF	TRBJ2-2
TRBV18	CASSPPGGGNTGELFF	TRBJ2-2
TRBV15	CAIQYANTGELFF	TRBJ2-2
TRBV7-9	CASSLDSEQFF	TRBJ2-1
TRBV5-1	CAIADANTGELFF	TRBJ2-2
TRBV5-1	CASSEGTSGEQYF	TRBJ2-7
TRBV7-9	CASSDSLDGYTF	TRBJ1-2
TRBV20-1	CSARTDHNTGELFF	TRBJ2-2
TRBV15	CATSTENTGELFF	TRBJ2-2
TRBV2	CASSDSEGHNTGELFF	TRBJ2-2
TRBV12-3	CASGEANTGELFF	TRBJ2-2
TRBV20-1	CSARGGLSQNTGELFF	TRBJ2-2
TRBV7-9	CASSLDILAFF	TRBJ1-1
TRBV10-2	CASNELNTGELFF	TRBJ2-2
TRBV7-9	CASSSDIEQFF	TRBJ2-1
TRBV15	CATMPDRNTGELFF	TRBJ2-2
TRBV19	CAAQATNTGELFF	TRBJ2-2
TRBV5-1	CASSDANTGELFF	TRBJ2-2
TRBV11-3	CASSLALANEQFF	TRBJ2-1
TRBV7-8	CASNNLNTGELFF	TRBJ2-2
TRBV6-1	CASSARNSIEAFF	TRBJ1-1
TRBV20-1	CSARTGDDWNTGELFF	TRBJ2-2
TRBV28	CASMTHNTGELFF	TRBJ2-2
TRBV12-3	CAASDPNTGELFF	TRBJ2-2
TRBV6-5	CASTDLNTGELFF	TRBJ2-2
TRBV7-9	CASSLGLYGEQYF	TRBJ2-7
TRBV24-1	CATEYTNTGELFF	TRBJ2-2
TRBV20-1	CSARDGTGWNTGELFF	TRBJ2-2
TRBV12-3	CAPTPDQNTGELFF	TRBJ2-2
TRBV7-9	CATGSANTGELFF	TRBJ2-2
TRBV2	CASSDLTGGEAFF	TRBJ1-1
TRBV12-3	CASNSQNTGELFF	TRBJ2-2
TRBV7-8	CASSNSFGYTF	TRBJ1-2
TRBV7-9	CASSQDIEQYF	TRBJ2-7
TRBV7-9	CASSEANTGELFF	TRBJ2-2
TRBV7-9	CASSPDITQYF	TRBJ2-3
TRBV5-4	CASSPTAGGNTGELFF	TRBJ2-2
TRBV2	CASSDLDNLVAFF	TRBJ1-1
TRBV7-8	CAGADSNTGELFF	TRBJ2-2
TRBV19	CAGQNLNTGELFF	TRBJ2-2
TRBV7-9	CASSLDIEAFF	TRBJ1-1
TRBV3-1	CASSPLAGGNTGELFF	TRBJ2-2
TRBV2	CASRGLAEQNTGELFF	TRBJ2-2
TRBV28	CAAAERNTGELFF	TRBJ2-2
TRBV20-1	CSARDEAGQNTGELFF	TRBJ2-2
TRBV2	CASPEANTGELFF	TRBJ2-2
TRBV20-1	CSARDGQGMNTGELFF	TRBJ2-2
TRBV7-8	CASSNSYGYTF	TRBJ1-2
TRBV2	CASRDIHQQNTGELFF	TRBJ2-2
TRBV7-9	CAGGDPNTGELFF	TRBJ2-2
TRBV5-1	CASSDDNTGELFF	TRBJ2-2
TRBV7-9	CASTRDIEAFF	TRBJ1-1
TRBV19	CATQGWDTGELFF	TRBJ2-2
TRBV13	CASSLVQGGNTGELFF	TRBJ2-2
TRBV19	CASSIIGGGNTGELFF	TRBJ2-2
TRBV5-6	CAAGVENTGELFF	TRBJ2-2
TRBV12-3	CASQDSNTGELFF	TRBJ2-2
TRBV7-8	CASSYQNTGELFF	TRBJ2-2
TRBV18	CASSPPGAGNTGELFF	TRBJ2-2
TRBV5-1	CASYDLNTGELFF	TRBJ2-2
TRBV5-1	CAVQDSNTGELFF	TRBJ2-2
TRBV20-1	CSARDYRQTNTGELFF	TRBJ2-2
TRBV10-3	CAIQESNTGELFF	TRBJ2-2
TRBV10-1	CASYSGRALTEAFF	TRBJ1-1
TRBV15	CATQDANTGELFF	TRBJ2-2
TRBV20-1	CSARGESDQNTGELFF	TRBJ2-2
TRBV12-3	CARQDTNTGELFF	TRBJ2-2
TRBV20-1	CSARDLAGENTGELFF	TRBJ2-2
TRBV15	CATQRTNTGELFF	TRBJ2-2
TRBV15	CATQAVNTGELFF	TRBJ2-2
TRBV20-1	CSARDRLAQNTGELFF	TRBJ2-2
TRBV20-1	CSARGWGNEANTGELFF	TRBJ2-2
TRBV2	CASRSRVEQNTGELFF	TRBJ2-2
TRBV20-1	CSARDFNSWNTGELFF	TRBJ2-2
TRBV20-1	CSARDQAAQNTGELFF	TRBJ2-2
TRBV29-1	CSVAGFLAVYNEQFF	TRBJ2-1
TRBV19	CASSFLAGGNTGELFF	TRBJ2-2
TRBV3-1	CASQYSNTGELFF	TRBJ2-2
TRBV5-1	CASSLVPEEQYF	TRBJ2-7
TRBV12-3	CANGKANTGELFF	TRBJ2-2
TRBV13	CAIQDLNTGELFF	TRBJ2-2
TRBV7-8	CARGESNTGELFF	TRBJ2-2
TRBV28	CASTDMNTGELFF	TRBJ2-2
TRBV2	CAARDQRDLNTGELFF	TRBJ2-2
TRBV2	CASGDLDSIEAFF	TRBJ1-1
TRBV19	CASQDQNTGELFF	TRBJ2-2
TRBV9	CASSHTNTGELFF	TRBJ2-2
TRBV29-1	CSVEEDRNTGELFF	TRBJ2-2
TRBV2	CASSDIDTGELFF	TRBJ2-2
TRBV7-8	CARGDQNTGELFF	TRBJ2-2
TRBV2	CASSDTTRQNTGELFF	TRBJ2-2
TRBV2	CASSELAGGNTGELFF	TRBJ2-2
TRBV2	CASNDLNTGELFF	TRBJ2-2
TRBV20-1	CSARDPPRVNTGELFF	TRBJ2-2
TRBV20-1	CSARDQYRMNTGELFF	TRBJ2-2
TRBV13	CASSLVAGGNTGELFF	TRBJ2-2
