TRBV_gene,CDR3_beta,TRBJ_gene,ali_seq
TRBV7-8,CASSFQNTGELFF,TRBJ2-2,CASSF-------QNTGELFF
TRBV7-3,CASSSVNNNEQFF,TRBJ2-1,CASS-------SVNNNEQFF
TRBV12-3,CAVGEANTGELFF,TRBJ2-2,CAVG-------EANTGELFF
TRBV19,CAYQEVNTGELFF,TRBJ2-2,CAYQ-------EVNTGELFF
TRBV20-1,CSARDDQAVNTGELFF,TRBJ2-2,CSARD----DQAVNTGELFF
TRBV20-1,CSAGQRNTGELFF,TRBJ2-2,CSAGQ-------RNTGELFF
TRBV7-9,CASSLEIEAFF,TRBJ1-1,CASSL---------EIEAFF
TRBV7-8,CAGDYLNTGELFF,TRBJ2-2,CAGDY-------LNTGELFF
TRBV7-9,CASSPDIACTF,TRBJ1-2,CASS---------PDIACTF
TRBV9,CASSVDNTGELFF,TRBJ2-2,CASS-------VDNTGELFF
TRBV7-9,CASSPDIEAFF,TRBJ1-1,CASS---------PDIEAFF
TRBV7-2,CAGQDLNTGELFF,TRBJ2-2,CAGQ-------DLNTGELFF
TRBV7-9,CASSPDIVAFF,TRBJ1-1,CASS---------PDIVAFF
TRBV15,CAAQNLNTGELFF,TRBJ2-2,CAAQ-------NLNTGELFF
TRBV7-9,CASSLDIEAFF,TRBJ1-1,CASSL---------DIEAFF
TRBV20-1,CSAGDRNTGELFF,TRBJ2-2,CSAG-------DRNTGELFF
TRBV20-1,CSARGGQGQNTGELFF,TRBJ2-2,CSAR----GGQGQNTGELFF
TRBV7-9,CASSPDIEQYF,TRBJ2-7,CASS---------PDIEQYF
TRBV5-4,CASTDLNTGELFF,TRBJ2-2,CAST-------DLNTGELFF
TRBV7-8,CASSELNTGELFF,TRBJ2-2,CASS-------ELNTGELFF
TRBV7-9,CATQDVNTGELFF,TRBJ2-2,CATQ-------DVNTGELFF
TRBV2,CASSDLSTGELFF,TRBJ2-2,CASS-------DLSTGELFF
TRBV2,CASSDLNSGEQYF,TRBJ2-7,CASS-------DLNSGEQYF
TRBV12-3,CANQDSNTGELFF,TRBJ2-2,CANQ-------DSNTGELFF
TRBV2,CASGDLSSGEQYF,TRBJ2-7,CASG-------DLSSGEQYF
TRBV28,CASSDQNGNIQYF,TRBJ2-4,CASS-------DQNGNIQYF
TRBV7-9,CASSSDIEAFF,TRBJ1-1,CASS---------SDIEAFF
TRBV6-5,CASTELNGGTQYF,TRBJ2-3,CAST-------ELNGGTQYF
TRBV12-3,CASGTANTGELFF,TRBJ2-2,CASG-------TANTGELFF
TRBV15,CATSGAETHNTGELFF,TRBJ2-2,CATS----GAETHNTGELFF
TRBV12-3,CATLVDLNTGELFF,TRBJ2-2,CATL------VDLNTGELFF
TRBV30,CAYLEANSYEQYF,TRBJ2-7,CAYL-------EANSYEQYF
TRBV19,CASQDLNTGELFF,TRBJ2-2,CASQ-------DLNTGELFF
TRBV10-1,CASQDLNTGELFF,TRBJ2-2,CASQ-------DLNTGELFF
TRBV19,CASQEANTGELFF,TRBJ2-2,CASQ-------EANTGELFF
TRBV20-1,CSARDGPGVNTGELFF,TRBJ2-2,CSARD----GPGVNTGELFF
TRBV6-5,CATEDLNTGELFF,TRBJ2-2,CATE-------DLNTGELFF
TRBV7-9,CASSTDIEAFF,TRBJ1-1,CASS---------TDIEAFF
TRBV24-1,CATSEENTGELFF,TRBJ2-2,CATS-------EENTGELFF
TRBV7-8,CALGEPNTGELFF,TRBJ2-2,CALG-------EPNTGELFF
TRBV2,CASSSLNTGELFF,TRBJ2-2,CASS-------SLNTGELFF
TRBV9,CASSELGGGNTGELFF,TRBJ2-2,CASSE----LGGGNTGELFF
TRBV20-1,CSARDWEQMNTGELFF,TRBJ2-2,CSARD----WEQMNTGELFF
TRBV4-3,CASSPVGGGNTGELFF,TRBJ2-2,CASS----PVGGGNTGELFF
TRBV2,CASTPLNTGELFF,TRBJ2-2,CAST-------PLNTGELFF
TRBV20-1,CSARDQPGQNTGELFF,TRBJ2-2,CSARD----QPGQNTGELFF
TRBV4-2,CASSQTESTDTQYF,TRBJ2-3,CASS------QTESTDTQYF
TRBV30,CALFRDRNTGELFF,TRBJ2-2,CALF------RDRNTGELFF
TRBV7-9,CASSNSLGGYTF,TRBJ1-2,CASS--------NSLGGYTF
TRBV7-9,CASSPDIQAFF,TRBJ1-1,CASS---------PDIQAFF
TRBV7-9,CASSWDIEAFF,TRBJ1-1,CASS---------WDIEAFF
TRBV7-9,CASSQDIEQYF,TRBJ2-7,CASSQ---------DIEQYF
TRBV12-3,CANQDANTGELFF,TRBJ2-2,CANQ-------DANTGELFF
TRBV2,CASSELNTGELFF,TRBJ2-2,CASS-------ELNTGELFF
TRBV2,CASTGLNTGELFF,TRBJ2-2,CAST-------GLNTGELFF
TRBV5-8,CASSLTGGGNTGELFF,TRBJ2-2,CASSL----TGGGNTGELFF
TRBV20-1,CSARVGERAVNTGELFF,TRBJ2-2,CSARV---GERAVNTGELFF
TRBV7-9,CASSQDIEAFF,TRBJ1-1,CASSQ---------DIEAFF
TRBV2,CASSEIGGGNTGELFF,TRBJ2-2,CASSE----IGGGNTGELFF
TRBV9,CASNHANTGELFF,TRBJ2-2,CASN-------HANTGELFF
TRBV7-9,CASSADVEAFF,TRBJ1-1,CASS---------ADVEAFF
TRBV2,CASTSLNTGELFF,TRBJ2-2,CAST-------SLNTGELFF
TRBV20-1,CSARDSRAQNTGELFF,TRBJ2-2,CSARD----SRAQNTGELFF
TRBV3-1,CASSPLAGGNTGELFF,TRBJ2-2,CASS----PLAGGNTGELFF
TRBV28,CASSGTNQNIQYF,TRBJ2-4,CASS-------GTNQNIQYF
TRBV3-1,CASSQLAGGNTGELFF,TRBJ2-2,CASSQ----LAGGNTGELFF
TRBV7-9,CASTQDIEAFF,TRBJ1-1,CASTQ---------DIEAFF
TRBV6-4,CASQDRNTGELFF,TRBJ2-2,CASQ-------DRNTGELFF
TRBV30,CAWSVVTDEHNEQFF,TRBJ2-1,CAWSV-----VTDEHNEQFF
TRBV2,CASTDLDTGELFF,TRBJ2-2,CAST-------DLDTGELFF
TRBV30,CAWSVLAGGNTGELFF,TRBJ2-2,CAWS----VLAGGNTGELFF
TRBV7-9,CASSPDIEDFF,TRBJ1-1,CASS---------PDIEDFF
TRBV7-8,CAASEMNTGELFF,TRBJ2-2,CAAS-------EMNTGELFF
TRBV7-9,CAKGTANTGELFF,TRBJ2-2,CAKG-------TANTGELFF
TRBV28,CANQDRTSGELFF,TRBJ2-2,CANQ-------DRTSGELFF
TRBV2,CARERDRNTGELFF,TRBJ2-2,CARE------RDRNTGELFF
TRBV6-6,CASEDRNTGELFF,TRBJ2-2,CASE-------DRNTGELFF
TRBV5-1,CASGDDNTGELFF,TRBJ2-2,CASG-------DDNTGELFF
TRBV2,CASGGTNTGELFF,TRBJ2-2,CASG-------GTNTGELFF
TRBV7-9,CASGPDLGYTF,TRBJ1-2,CASG---------PDLGYTF
TRBV28,CASGTLNSLVAFF,TRBJ1-1,CASG-------TLNSLVAFF
TRBV10-2,CASIGLNTGELFF,TRBJ2-2,CASI-------GLNTGELFF
TRBV5-4,CASIPDRNTGELFF,TRBJ2-2,CASI------PDRNTGELFF
TRBV7-8,CASNNQNTGELFF,TRBJ2-2,CASN-------NQNTGELFF
TRBV4-2,CASREGNTGELFF,TRBJ2-2,CASR-------EGNTGELFF
TRBV2,CASRGGAELNTGELFF,TRBJ2-2,CASR----GGAELNTGELFF
TRBV7-3,CASRPTGLAENTGELFF,TRBJ2-2,CASRP---TGLAENTGELFF
TRBV2,CASRRGFEQYF,TRBJ2-7,CASR---------RGFEQYF
TRBV7-9,CASSADIQQYF,TRBJ2-7,CASS---------ADIQQYF
TRBV9,CASSASYYEQYF,TRBJ2-7,CASS--------ASYYEQYF
TRBV5-1,CASSDGNTGELFF,TRBJ2-2,CASS-------DGNTGELFF
TRBV2,CASSDLDGGEAFF,TRBJ1-1,CASS-------DLDGGEAFF
TRBV2,CASSDLNTGELFF,TRBJ2-2,CASS-------DLNTGELFF
TRBV5-1,CASSDTNTGELFF,TRBJ2-2,CASS-------DTNTGELFF
TRBV19,CASSERNSLEAFF,TRBJ1-1,CASS-------ERNSLEAFF
TRBV10-1,CASSESNTGELFF,TRBJ2-2,CASS-------ESNTGELFF
TRBV5-1,CASSGLNTGELFF,TRBJ2-2,CASS-------GLNTGELFF
TRBV7-9,CASSLDIETYF,TRBJ2-7,CASSL---------DIETYF
TRBV13,CASSPLNGGNTGELFF,TRBJ2-2,CASS----PLNGGNTGELFF
TRBV3-1,CASSQRNDLKAFF,TRBJ1-1,CASSQ-------RNDLKAFF
TRBV7-9,CASSSDIQQFF,TRBJ2-1,CASS---------SDIQQFF
TRBV5-6,CASSTLNSLEAFF,TRBJ1-1,CASS-------TLNSLEAFF
TRBV15,CATTDLNTGELFF,TRBJ2-2,CATT-------DLNTGELFF
TRBV12-3,CATTGNWNTGELFF,TRBJ2-2,CATT------GNWNTGELFF
TRBV10-2,CAVLAEQNTGELFF,TRBJ2-2,CAVL------AEQNTGELFF
TRBV20-1,CSARDHKAMNTGELFF,TRBJ2-2,CSARD----HKAMNTGELFF
TRBV20-1,CSARDLGRGWNTGELFF,TRBJ2-2,CSARD---LGRGWNTGELFF
TRBV20-1,CSARDQWAANTGELFF,TRBJ2-2,CSARD----QWAANTGELFF
TRBV20-1,CSARDRLAQNTGELFF,TRBJ2-2,CSARD----RLAQNTGELFF
TRBV20-1,CSARDSVAVNTGELFF,TRBJ2-2,CSARD----SVAVNTGELFF
TRBV20-1,CSARSRQGQNTGELFF,TRBJ2-2,CSAR----SRQGQNTGELFF
TRBV29-1,CSGWQPQHF,TRBJ1-5,CSGW-----------QPQHF
TRBV20-1,CSVGTLNTGELFF,TRBJ2-2,CSVG-------TLNTGELFF
TRBV7-2,CALGDLNTGELFF,TRBJ2-2,CALG-------DLNTGELFF
TRBV3-1,CASSPLGGGNTGELFF,TRBJ2-2,CASS----PLGGGNTGELFF
TRBV11-2,CATQGLNTGELFF,TRBJ2-2,CATQ-------GLNTGELFF
TRBV15,CATQGLNTGELFF,TRBJ2-2,CATQ-------GLNTGELFF
TRBV20-1,CSARDDRAQNTGELFF,TRBJ2-2,CSARD----DRAQNTGELFF
TRBV12-3,CASIDENTGELFF,TRBJ2-2,CASI-------DENTGELFF
TRBV29-1,CSVDADHNTGELFF,TRBJ2-2,CSVD------ADHNTGELFF
TRBV7-9,CASSNANTGELFF,TRBJ2-2,CASS-------NANTGELFF
TRBV7-8,CAIGDENTGELFF,TRBJ2-2,CAIG-------DENTGELFF
TRBV19,CASQATNTGELFF,TRBJ2-2,CASQ-------ATNTGELFF
TRBV7-8,CALGSSNTGELFF,TRBJ2-2,CALG-------SSNTGELFF
TRBV20-1,CSARDGLAMNTGELFF,TRBJ2-2,CSARD----GLAMNTGELFF
TRBV7-8,CAGGDSNTGELFF,TRBJ2-2,CAGG-------DSNTGELFF
TRBV29-1,CSVGDRNNLELFF,TRBJ2-2,CSVG-------DRNNLELFF
TRBV7-9,CARGLADTGELFF,TRBJ2-2,CARGL-------ADTGELFF
TRBV4-1,CASLRDMNTGELFF,TRBJ2-2,CASL------RDMNTGELFF
TRBV20-1,CSARGLAGSNTGELFF,TRBJ2-2,CSAR----GLAGSNTGELFF
TRBV5-1,CASMEENTGELFF,TRBJ2-2,CASM-------EENTGELFF
TRBV3-1,CASSTPRKEWGRAEAFF,TRBJ1-1,CASST---PRKEWGRAEAFF
TRBV29-1,CSVEEQNTGELFF,TRBJ2-2,CSVE-------EQNTGELFF
TRBV7-9,CASSPEIEAFF,TRBJ1-1,CASS---------PEIEAFF
TRBV5-4,CASSPDMNTGELFF,TRBJ2-2,CASS------PDMNTGELFF
TRBV7-9,CASSVPDRANTGELFF,TRBJ2-2,CASS----VPDRANTGELFF
TRBV20-1,CSARDLAAQNTGELFF,TRBJ2-2,CSARD----LAAQNTGELFF
TRBV5-1,CASGDENTGELFF,TRBJ2-2,CASG-------DENTGELFF
TRBV3-1,CANRDTDTQYF,TRBJ2-3,CANR---------DTDTQYF
TRBV20-1,CSAEPGTSGRDDLTQYF,TRBJ2-5,CSAEP---GTSGRDDLTQYF
TRBV7-8,CASSDSYGYTF,TRBJ1-2,CASS---------DSYGYTF
TRBV6-5,CASSYRNSLEQFF,TRBJ2-1,CASSY-------RNSLEQFF
TRBV5-4,CAIGDRSSGEQYF,TRBJ2-7,CAIG-------DRSSGEQYF
TRBV20-1,CSAHGDLNTGELFF,TRBJ2-2,CSAH------GDLNTGELFF
TRBV7-9,CASSPEDTQYF,TRBJ2-3,CASS---------PEDTQYF
TRBV30,CACQELNTGELFF,TRBJ2-2,CACQ-------ELNTGELFF
TRBV7-9,CASSVDIEAFF,TRBJ1-1,CASS---------VDIEAFF
TRBV2,CALLLDWDTGELFF,TRBJ2-2,CALL------LDWDTGELFF
TRBV5-1,CAGGVNPNTGELFF,TRBJ2-2,CAGG------VNPNTGELFF
TRBV19,CASQQANTGELFF,TRBJ2-2,CASQQ-------ANTGELFF
TRBV12-5,CASGTANTGELFF,TRBJ2-2,CASG-------TANTGELFF
TRBV2,CASMDQNTGELFF,TRBJ2-2,CASM-------DQNTGELFF
TRBV30,CAWSLAGMGETQYF,TRBJ2-5,CAWS------LAGMGETQYF
TRBV7-9,CASSLGTGGDLHF,TRBJ1-6,CASSL-------GTGGDLHF
TRBV30,CAWSLLNDLEAFF,TRBJ1-1,CAWSL-------LNDLEAFF
TRBV2,CATLAEMNTGELFF,TRBJ2-2,CATL------AEMNTGELFF
TRBV20-1,CSARDSKGNGWNTGELFF,TRBJ2-2,CSARDS--KGNGWNTGELFF
TRBV7-9,CASGEGNTGELFF,TRBJ2-2,CASG-------EGNTGELFF
TRBV4-3,CASQLMNTGELFF,TRBJ2-2,CASQL-------MNTGELFF
TRBV7-2,CAEGELNTGELFF,TRBJ2-2,CAEG-------ELNTGELFF
TRBV5-1,CASGEENTGELFF,TRBJ2-2,CASG-------EENTGELFF
TRBV20-1,CSARDHRGANTGELFF,TRBJ2-2,CSARD----HRGANTGELFF
TRBV5-1,CASIDQNTGELFF,TRBJ2-2,CASI-------DQNTGELFF
TRBV5-4,CASIANRNTGELFF,TRBJ2-2,CASI------ANRNTGELFF
TRBV2,CASSDMNTGELFF,TRBJ2-2,CASS-------DMNTGELFF
TRBV15,CATGGLNTGELFF,TRBJ2-2,CATG-------GLNTGELFF
TRBV12-3,CASQNENTGELFF,TRBJ2-2,CASQ-------NENTGELFF
TRBV6-5,CASTDLNTGELFF,TRBJ2-2,CAST-------DLNTGELFF
TRBV7-9,CASSPDIEQFF,TRBJ2-1,CASS---------PDIEQFF
TRBV20-1,CSARDGWDHNTGELFF,TRBJ2-2,CSARD----GWDHNTGELFF
TRBV20-1,CSARDVEGMNTGELFF,TRBJ2-2,CSARD----VEGMNTGELFF
TRBV7-8,CASSVQNTGELFF,TRBJ2-2,CASS-------VQNTGELFF
TRBV2,CALWKGGRENTGELFF,TRBJ2-2,CALW----KGGRENTGELFF
TRBV5-5,CAIGDRNTGELFF,TRBJ2-2,CAIG-------DRNTGELFF
TRBV2,CASSEMNTGELFF,TRBJ2-2,CASS-------EMNTGELFF
TRBV7-2,CAPGDLNTGELFF,TRBJ2-2,CAPG-------DLNTGELFF
TRBV20-1,CSARDERAVNTGELFF,TRBJ2-2,CSARD----ERAVNTGELFF
TRBV4-3,CASQEANTGELFF,TRBJ2-2,CASQ-------EANTGELFF
TRBV2,CASSDLDTGELFF,TRBJ2-2,CASS-------DLDTGELFF
TRBV5-1,CASGTANTGELFF,TRBJ2-2,CASG-------TANTGELFF
TRBV7-8,CASSSQNTGELFF,TRBJ2-2,CASS-------SQNTGELFF
TRBV29-1,CSVLEMNTGELFF,TRBJ2-2,CSVL-------EMNTGELFF
TRBV7-8,CASLSQNTGELFF,TRBJ2-2,CASL-------SQNTGELFF
TRBV7-9,CASSEGLGGEQYF,TRBJ2-7,CASS-------EGLGGEQYF
TRBV4-3,CASSPLAGGNTGELFF,TRBJ2-2,CASS----PLAGGNTGELFF
TRBV10-3,CAMQEMNTGELFF,TRBJ2-2,CAMQ-------EMNTGELFF
TRBV19,CAAQMTNTGELFF,TRBJ2-2,CAAQ-------MTNTGELFF
TRBV27,CAITDLNTGELFF,TRBJ2-2,CAIT-------DLNTGELFF
TRBV19,CATQNLNTGELFF,TRBJ2-2,CATQ-------NLNTGELFF
TRBV7-9,CASNPPPGDSENTGELFF,TRBJ2-2,CASNPP--PGDSENTGELFF
TRBV20-1,CSARDGLAQNTGELFF,TRBJ2-2,CSARD----GLAQNTGELFF
TRBV5-1,CATQVDQNTGELFF,TRBJ2-2,CATQ------VDQNTGELFF
TRBV2,CATQGPSEINTGELFF,TRBJ2-2,CATQ----GPSEINTGELFF
TRBV7-8,CASNDLNTGELFF,TRBJ2-2,CASN-------DLNTGELFF
TRBV13,CATQGLNTGELFF,TRBJ2-2,CATQ-------GLNTGELFF
TRBV15,CATHELNTGELFF,TRBJ2-2,CATH-------ELNTGELFF
TRBV7-9,CASSPDGEQYF,TRBJ2-7,CASS---------PDGEQYF
TRBV6-5,CASSSQNTAEAFF,TRBJ1-1,CASS-------SQNTAEAFF
TRBV30,CAWSDHNSKELFF,TRBJ2-2,CAWS-------DHNSKELFF
TRBV6-6,CATEDRNTGELFF,TRBJ2-2,CATE-------DRNTGELFF
TRBV2,CAIRTSGMLNTGELFF,TRBJ2-2,CAIR----TSGMLNTGELFF
TRBV5-1,CASGRQNTGELFF,TRBJ2-2,CASG-------RQNTGELFF
TRBV5-1,CASGTQNTGELFF,TRBJ2-2,CASG-------TQNTGELFF
TRBV15,CASQGLNTGELFF,TRBJ2-2,CASQ-------GLNTGELFF
TRBV7-9,CASSADIEQFF,TRBJ2-1,CASS---------ADIEQFF
TRBV7-9,CASSPDSEQYF,TRBJ2-7,CASS---------PDSEQYF
TRBV13,CATQDRNTGELFF,TRBJ2-2,CATQ-------DRNTGELFF
TRBV15,CATSNLNTGELFF,TRBJ2-2,CATS-------NLNTGELFF
TRBV20-1,CSARDAVAANTGELFF,TRBJ2-2,CSARD----AVAANTGELFF
TRBV20-1,CSARDEVAHNTGELFF,TRBJ2-2,CSARD----EVAHNTGELFF
TRBV20-1,CSCGNANTGELFF,TRBJ2-2,CSCG-------NANTGELFF
TRBV24-1,CATSDLDSGELFF,TRBJ2-2,CATS-------DLDSGELFF
TRBV5-1,CASSDGTSNEQYF,TRBJ2-7,CASS-------DGTSNEQYF
TRBV20-1,CSARDAEGQNTGELFF,TRBJ2-2,CSARD----AEGQNTGELFF
TRBV6-1,CASSEWIQETQYF,TRBJ2-5,CASS-------EWIQETQYF
TRBV7-9,CASSDDIEAFF,TRBJ1-1,CASS---------DDIEAFF
TRBV19,CAGQRANTGELFF,TRBJ2-2,CAGQ-------RANTGELFF
TRBV20-1,CSARGELAVNTGELFF,TRBJ2-2,CSAR----GELAVNTGELFF
TRBV2,CATMDDLNSGELFF,TRBJ2-2,CATM------DDLNSGELFF
TRBV7-9,CASSLDVEQYF,TRBJ2-7,CASSL---------DVEQYF
TRBV6-1,CAPQDLDTGELFF,TRBJ2-2,CAPQ-------DLDTGELFF
TRBV5-4,CASSPTAGGDTGELFF,TRBJ2-2,CASS----PTAGGDTGELFF
TRBV5-1,CAAQDSNTGELFF,TRBJ2-2,CAAQ-------DSNTGELFF
TRBV12-3,CAGGRGNTGELFF,TRBJ2-2,CAGG-------RGNTGELFF
TRBV5-4,CASSPLVSRNTGELFF,TRBJ2-2,CASS----PLVSRNTGELFF
TRBV18,CASSPPGGGNTGELFF,TRBJ2-2,CASS----PPGGGNTGELFF
TRBV15,CAIQYANTGELFF,TRBJ2-2,CAIQY-------ANTGELFF
TRBV7-9,CASSLDSEQFF,TRBJ2-1,CASSL---------DSEQFF
TRBV5-1,CAIADANTGELFF,TRBJ2-2,CAIA-------DANTGELFF
TRBV5-1,CASSEGTSGEQYF,TRBJ2-7,CASS-------EGTSGEQYF
TRBV7-9,CASSDSLDGYTF,TRBJ1-2,CASS--------DSLDGYTF
TRBV20-1,CSARTDHNTGELFF,TRBJ2-2,CSAR------TDHNTGELFF
TRBV15,CATSTENTGELFF,TRBJ2-2,CATS-------TENTGELFF
TRBV2,CASSDSEGHNTGELFF,TRBJ2-2,CASSD----SEGHNTGELFF
TRBV12-3,CASGEANTGELFF,TRBJ2-2,CASG-------EANTGELFF
TRBV20-1,CSARGGLSQNTGELFF,TRBJ2-2,CSAR----GGLSQNTGELFF
TRBV7-9,CASSLDILAFF,TRBJ1-1,CASSL---------DILAFF
TRBV10-2,CASNELNTGELFF,TRBJ2-2,CASN-------ELNTGELFF
TRBV7-9,CASSSDIEQFF,TRBJ2-1,CASS---------SDIEQFF
TRBV15,CATMPDRNTGELFF,TRBJ2-2,CATM------PDRNTGELFF
TRBV19,CAAQATNTGELFF,TRBJ2-2,CAAQ-------ATNTGELFF
TRBV5-1,CASSDANTGELFF,TRBJ2-2,CASS-------DANTGELFF
TRBV11-3,CASSLALANEQFF,TRBJ2-1,CASSL-------ALANEQFF
TRBV7-8,CASNNLNTGELFF,TRBJ2-2,CASN-------NLNTGELFF
TRBV6-1,CASSARNSIEAFF,TRBJ1-1,CASS-------ARNSIEAFF
TRBV20-1,CSARTGDDWNTGELFF,TRBJ2-2,CSAR----TGDDWNTGELFF
TRBV28,CASMTHNTGELFF,TRBJ2-2,CASM-------THNTGELFF
TRBV12-3,CAASDPNTGELFF,TRBJ2-2,CAAS-------DPNTGELFF
TRBV7-9,CASSLGLYGEQYF,TRBJ2-7,CASSL-------GLYGEQYF
TRBV24-1,CATEYTNTGELFF,TRBJ2-2,CATEY-------TNTGELFF
TRBV20-1,CSARDGTGWNTGELFF,TRBJ2-2,CSARD----GTGWNTGELFF
TRBV12-3,CAPTPDQNTGELFF,TRBJ2-2,CAPT------PDQNTGELFF
TRBV7-9,CATGSANTGELFF,TRBJ2-2,CATG-------SANTGELFF
TRBV2,CASSDLTGGEAFF,TRBJ1-1,CASS-------DLTGGEAFF
TRBV12-3,CASNSQNTGELFF,TRBJ2-2,CASN-------SQNTGELFF
TRBV7-8,CASSNSFGYTF,TRBJ1-2,CASS---------NSFGYTF
TRBV7-9,CASSEANTGELFF,TRBJ2-2,CASS-------EANTGELFF
TRBV7-9,CASSPDITQYF,TRBJ2-3,CASS---------PDITQYF
TRBV5-4,CASSPTAGGNTGELFF,TRBJ2-2,CASS----PTAGGNTGELFF
TRBV2,CASSDLDNLVAFF,TRBJ1-1,CASS-------DLDNLVAFF
TRBV7-8,CAGADSNTGELFF,TRBJ2-2,CAGA-------DSNTGELFF
TRBV19,CAGQNLNTGELFF,TRBJ2-2,CAGQ-------NLNTGELFF
TRBV2,CASRGLAEQNTGELFF,TRBJ2-2,CASR----GLAEQNTGELFF
TRBV28,CAAAERNTGELFF,TRBJ2-2,CAAA-------ERNTGELFF
TRBV20-1,CSARDEAGQNTGELFF,TRBJ2-2,CSARD----EAGQNTGELFF
TRBV2,CASPEANTGELFF,TRBJ2-2,CASP-------EANTGELFF
TRBV20-1,CSARDGQGMNTGELFF,TRBJ2-2,CSARD----GQGMNTGELFF
TRBV7-8,CASSNSYGYTF,TRBJ1-2,CASS---------NSYGYTF
TRBV2,CASRDIHQQNTGELFF,TRBJ2-2,CASRD----IHQQNTGELFF
TRBV7-9,CAGGDPNTGELFF,TRBJ2-2,CAGG-------DPNTGELFF
TRBV5-1,CASSDDNTGELFF,TRBJ2-2,CASS-------DDNTGELFF
TRBV7-9,CASTRDIEAFF,TRBJ1-1,CAST---------RDIEAFF
TRBV19,CATQGWDTGELFF,TRBJ2-2,CATQ-------GWDTGELFF
TRBV13,CASSLVQGGNTGELFF,TRBJ2-2,CASSL----VQGGNTGELFF
TRBV19,CASSIIGGGNTGELFF,TRBJ2-2,CASS----IIGGGNTGELFF
TRBV5-6,CAAGVENTGELFF,TRBJ2-2,CAAG-------VENTGELFF
TRBV12-3,CASQDSNTGELFF,TRBJ2-2,CASQ-------DSNTGELFF
TRBV7-8,CASSYQNTGELFF,TRBJ2-2,CASSY-------QNTGELFF
TRBV18,CASSPPGAGNTGELFF,TRBJ2-2,CASS----PPGAGNTGELFF
TRBV5-1,CASYDLNTGELFF,TRBJ2-2,CASY-------DLNTGELFF
TRBV5-1,CAVQDSNTGELFF,TRBJ2-2,CAVQ-------DSNTGELFF
TRBV20-1,CSARDYRQTNTGELFF,TRBJ2-2,CSARD----YRQTNTGELFF
TRBV10-3,CAIQESNTGELFF,TRBJ2-2,CAIQ-------ESNTGELFF
TRBV10-1,CASYSGRALTEAFF,TRBJ1-1,CASY------SGRALTEAFF
TRBV15,CATQDANTGELFF,TRBJ2-2,CATQ-------DANTGELFF
TRBV20-1,CSARGESDQNTGELFF,TRBJ2-2,CSAR----GESDQNTGELFF
TRBV12-3,CARQDTNTGELFF,TRBJ2-2,CARQ-------DTNTGELFF
TRBV20-1,CSARDLAGENTGELFF,TRBJ2-2,CSARD----LAGENTGELFF
TRBV15,CATQRTNTGELFF,TRBJ2-2,CATQ-------RTNTGELFF
TRBV15,CATQAVNTGELFF,TRBJ2-2,CATQ-------AVNTGELFF
TRBV20-1,CSARGWGNEANTGELFF,TRBJ2-2,CSARG---WGNEANTGELFF
TRBV2,CASRSRVEQNTGELFF,TRBJ2-2,CASR----SRVEQNTGELFF
TRBV20-1,CSARDFNSWNTGELFF,TRBJ2-2,CSARD----FNSWNTGELFF
TRBV20-1,CSARDQAAQNTGELFF,TRBJ2-2,CSARD----QAAQNTGELFF
TRBV29-1,CSVAGFLAVYNEQFF,TRBJ2-1,CSVA-----GFLAVYNEQFF
TRBV19,CASSFLAGGNTGELFF,TRBJ2-2,CASSF----LAGGNTGELFF
TRBV3-1,CASQYSNTGELFF,TRBJ2-2,CASQY-------SNTGELFF
TRBV5-1,CASSLVPEEQYF,TRBJ2-7,CASSL--------VPEEQYF
TRBV12-3,CANGKANTGELFF,TRBJ2-2,CANG-------KANTGELFF
TRBV13,CAIQDLNTGELFF,TRBJ2-2,CAIQ-------DLNTGELFF
TRBV7-8,CARGESNTGELFF,TRBJ2-2,CARG-------ESNTGELFF
TRBV28,CASTDMNTGELFF,TRBJ2-2,CAST-------DMNTGELFF
TRBV2,CAARDQRDLNTGELFF,TRBJ2-2,CAARD----QRDLNTGELFF
TRBV2,CASGDLDSIEAFF,TRBJ1-1,CASG-------DLDSIEAFF
TRBV19,CASQDQNTGELFF,TRBJ2-2,CASQ-------DQNTGELFF
TRBV9,CASSHTNTGELFF,TRBJ2-2,CASS-------HTNTGELFF
TRBV29-1,CSVEEDRNTGELFF,TRBJ2-2,CSVE------EDRNTGELFF
TRBV2,CASSDIDTGELFF,TRBJ2-2,CASS-------DIDTGELFF
TRBV7-8,CARGDQNTGELFF,TRBJ2-2,CARG-------DQNTGELFF
TRBV2,CASSDTTRQNTGELFF,TRBJ2-2,CASSD----TTRQNTGELFF
TRBV2,CASSELAGGNTGELFF,TRBJ2-2,CASSE----LAGGNTGELFF
TRBV2,CASNDLNTGELFF,TRBJ2-2,CASN-------DLNTGELFF
TRBV20-1,CSARDPPRVNTGELFF,TRBJ2-2,CSARD----PPRVNTGELFF
TRBV20-1,CSARDQYRMNTGELFF,TRBJ2-2,CSARD----QYRMNTGELFF
TRBV13,CASSLVAGGNTGELFF,TRBJ2-2,CASSL----VAGGNTGELFF
