Label,TRBV_gene,CDR3_beta,TRBJ_gene,ali_seq
1,TRBV20-1,CSARDTTGNGYTF,TRBJ1-2,CSAR-------DTTGNGYTF
1,TRBV29-1,CSVGTGGTNEKLFF,TRBJ1-4,CSVG------TGGTNEKLFF
1,TRBV20-1,CSARVEPGNGYTF,TRBJ1-2,CSAR-------VEPGNGYTF
1,TRBV12-4,CASSFGQQETQYF,TRBJ2-5,CASSF-------GQQETQYF
1,TRBV9,CASSVGGEAYEQYF,TRBJ2-7,CASS------VGGEAYEQYF
1,TRBV20-1,CSARDRTGNGYTF,TRBJ1-2,CSAR-------DRTGNGYTF
1,TRBV2,CASSNQGDGTDTQYF,TRBJ2-3,CASSN-----QGDGTDTQYF
1,TRBV6-4,CASSVWTGHDEQFF,TRBJ2-1,CASS------VWTGHDEQFF
1,TRBV11-2,CASSFSSGTTDTQYF,TRBJ2-3,CASSF-----SSGTTDTQYF
1,TRBV6-1,CASSEESYLMNTEAFF,TRBJ1-1,CASSE----ESYLMNTEAFF
1,TRBV20-1,CSARDSTGNGYTF,TRBJ1-2,CSAR-------DSTGNGYTF
1,TRBV7-3,CASSRQGNTETQYF,TRBJ2-5,CASS------RQGNTETQYF
1,TRBV9,CASSDGQLTAGELFF,TRBJ2-2,CASSD-----GQLTAGELFF
1,TRBV7-9,CASRNNRGGVGYTF,TRBJ1-2,CASR------NNRGGVGYTF
1,TRBV9,CASSVAGGDEQFF,TRBJ2-1,CASS-------VAGGDEQFF
1,TRBV20-1,CSARSETGNTIYF,TRBJ1-3,CSAR-------SETGNTIYF
1,TRBV2,CASSSGQVVPGTIYF,TRBJ1-3,CASSS-----GQVVPGTIYF
1,TRBV20-1,CSARDSTGNGYTF,TRBJ1-2,CSAR-------DSTGNGYTF
1,TRBV20-1,CSAEISGTQLYNEQFF,TRBJ2-1,CSAE----ISGTQLYNEQFF
1,TRBV20-1,CSARDRVGNTIYF,TRBJ1-3,CSAR-------DRVGNTIYF
1,TRBV20-1,CSARVGVGNTIYF,TRBJ1-3,CSAR-------VGVGNTIYF
1,TRBV2,CASSEGQVLPGEQYF,TRBJ2-7,CASSE-----GQVLPGEQYF
1,TRBV29-1,CSVGSGGTNEKLFF,TRBJ1-4,CSVG------SGGTNEKLFF
1,TRBV10-2,CASGGLSSYNEQFF,TRBJ2-1,CASG------GLSSYNEQFF
1,TRBV14,CASSQSPGGTQYF,TRBJ2-3,CASSQ-------SPGGTQYF
1,TRBV9,CASSSGQLSNTGELFF,TRBJ2-2,CASS----SGQLSNTGELFF
1,TRBV20-1,CSARDTVGNGYTF,TRBJ1-2,CSAR-------DTVGNGYTF
1,TRBV29-1,CSVGSDGTNEKLFF,TRBJ1-4,CSVG------SDGTNEKLFF
1,TRBV6-2,CASSFLAGGPFETQYF,TRBJ2-5,CASSF----LAGGPFETQYF
1,TRBV20-1,CSARDSTGNGYTF,TRBJ1-2,CSAR-------DSTGNGYTF
1,TRBV3-1,CASSPTSGSIYEQYF,TRBJ2-7,CASSP-----TSGSIYEQYF
1,TRBV20-1,CSARSHVGNTIYF,TRBJ1-3,CSAR-------SHVGNTIYF
1,TRBV29-1,CSVRSEGDTIYF,TRBJ1-3,CSVR--------SEGDTIYF
1,TRBV29-1,CSVGTGGTNEKLFF,TRBJ1-4,CSVG------TGGTNEKLFF
1,TRBV20-1,CSARGLVESSYNEQFF,TRBJ2-1,CSAR----GLVESSYNEQFF
1,TRBV11-2,CASSLNAGDNEQFF,TRBJ2-1,CASS------LNAGDNEQFF
1,TRBV14,CASSQSPGGTQYF,TRBJ2-5,CASSQ-------SPGGTQYF
1,TRBV9,CASSVVGGNEQFF,TRBJ2-1,CASS-------VVGGNEQFF
1,TRBV20-1,CSARDSTGNGYTF,TRBJ1-2,CSAR-------DSTGNGYTF
1,TRBV29-1,CSSQEGGYGYTF,TRBJ1-2,CSSQ--------EGGYGYTF
1,TRBV14,CASSQAPGGEQYF,TRBJ2-7,CASSQ-------APGGEQYF
1,TRBV20-1,CSARGQGDEQYF,TRBJ2-7,CSAR--------GQGDEQYF
1,TRBV29-1,CSVGSGGTNEKLFF,TRBJ1-4,CSVG------SGGTNEKLFF
1,TRBV9,CASSTYYGQSYGYTF,TRBJ1-2,CASS-----TYYGQSYGYTF
1,TRBV20-1,CSARTGVGNTIYF,TRBJ1-3,CSAR-------TGVGNTIYF
1,TRBV20-1,CSAEPGTSGGLQYF,TRBJ2-4,CSAE------PGTSGGLQYF
1,TRBV14,CASSQSPGGTQYF,TRBJ2-5,CASSQ-------SPGGTQYF
1,TRBV29-1,CSVPSTVQETQYF,TRBJ2-5,CSVP-------STVQETQYF
1,TRBV18,CASSPEDYEQYF,TRBJ2-7,CASS--------PEDYEQYF
1,TRBV20-1,CSARDRTGNGYTF,TRBJ1-2,CSAR-------DRTGNGYTF
1,TRBV9,CASSVGGEAYEQYF,TRBJ2-7,CASS------VGGEAYEQYF
1,TRBV29-1,CSVGQGGTNEKLFF,TRBJ1-4,CSVG------QGGTNEKLFF
1,TRBV10-2,CASGGSSYQETQYF,TRBJ2-5,CASG------GSSYQETQYF
1,TRBV20-1,CSARDGTGNGYTF,TRBJ1-2,CSAR-------DGTGNGYTF
1,TRBV29-1,CSVGAGGTNEKLFF,TRBJ1-4,CSVG------AGGTNEKLFF
1,TRBV29-1,CSVPGLAVPGELFF,TRBJ2-2,CSVP------GLAVPGELFF
1,TRBV20-1,CSARDRVGNTIYF,TRBJ1-3,CSAR-------DRVGNTIYF
1,TRBV19,CASSLWGGINEQFF,TRBJ2-1,CASS------LWGGINEQFF
1,TRBV9,CASSVDSGLTGELFF,TRBJ2-2,CASSV-----DSGLTGELFF
1,TRBV2,CASSGGQLAPGELFF,TRBJ2-2,CASS-----GGQLAPGELFF
1,TRBV9,CASSVDTGLTGELFF,TRBJ2-2,CASSV-----DTGLTGELFF
1,TRBV6-2,CASSYPEVAPSEQFF,TRBJ2-1,CASSY-----PEVAPSEQFF
1,TRBV20-1,CSARWGVGNTIYF,TRBJ1-3,CSAR-------WGVGNTIYF
1,TRBV4-1,CASSQNQDMGTEAFF,TRBJ1-1,CASSQ-----NQDMGTEAFF
1,TRBV14,CASSQSPGGTQYF,TRBJ2-3,CASSQ-------SPGGTQYF
1,TRBV29-1,CSVGGTGDFNQPQHF,TRBJ1-5,CSVG-----GTGDFNQPQHF
1,TRBV4-2,CASSQDSSGGLGEQFF,TRBJ2-1,CASSQ----DSSGGLGEQFF
1,TRBV29-1,CSVPITVQETQYF,TRBJ2-5,CSVP-------ITVQETQYF
1,TRBV29-1,CSVSTGIYEQYF,TRBJ2-7,CSVS--------TGIYEQYF
1,TRBV20-1,CSARDRIGNTIYF,TRBJ1-3,CSAR-------DRIGNTIYF
1,TRBV29-1,CSVGTGGTNEKLFF,TRBJ1-4,CSVG------TGGTNEKLFF
1,TRBV29-1,CSVGADGTNEKLFF,TRBJ1-4,CSVG------ADGTNEKLFF
1,TRBV27,CASSSGAGLDEQFF,TRBJ2-1,CASS------SGAGLDEQFF
1,TRBV7-8,CASSISGDYGYTF,TRBJ1-2,CASS-------ISGDYGYTF
1,TRBV9,CASSDGQVATNEKLFF,TRBJ1-4,CASSD----GQVATNEKLFF
1,TRBV20-1,CSARIGVGNTIYF,TRBJ1-3,CSAR-------IGVGNTIYF
1,TRBV9,CASSSGQQTNSPLHF,TRBJ1-6,CASSS-----GQQTNSPLHF
1,TRBV25-1,CASAGPGQVYEQYF,TRBJ2-7,CASA------GPGQVYEQYF
1,TRBV20-1,CSARDSTGNGYTF,TRBJ1-2,CSAR-------DSTGNGYTF
1,TRBV20-1,CSARDSTGNGYTF,TRBJ1-2,CSAR-------DSTGNGYTF
1,TRBV12-4,CASSYGQQETQYF,TRBJ2-5,CASSY-------GQQETQYF
1,TRBV5-8,CASSLWTGSHEQYF,TRBJ2-7,CASS------LWTGSHEQYF
1,TRBV29-1,CSVGSQGTNEKLFF,TRBJ1-4,CSVG------SQGTNEKLFF
1,TRBV20-1,CSARDGTGNGYTF,TRBJ1-2,CSAR-------DGTGNGYTF
1,TRBV29-1,CSVDHAGTSENRYTF,TRBJ1-2,CSVDH-----AGTSENRYTF
1,TRBV11-2,CASSYAYDGSYEQYF,TRBJ2-7,CASSY-----AYDGSYEQYF
1,TRBV29-1,CSVGAGGTNEKLFF,TRBJ1-4,CSVG------AGGTNEKLFF
1,TRBV20-1,CSARSGQGNDYTF,TRBJ1-2,CSAR-------SGQGNDYTF
1,TRBV20-1,CSARIYGGGEVGNTIYF,TRBJ1-3,CSARI---YGGGEVGNTIYF
1,TRBV20-1,CSARLRKLSGNTIYF,TRBJ1-3,CSARL-----RKLSGNTIYF
1,TRBV3-1,CASSPTSGSVYEQYF,TRBJ2-7,CASSP-----TSGSVYEQYF
1,TRBV9,CASSSGGGAPSGNTIYF,TRBJ1-3,CASSS---GGGAPSGNTIYF
1,TRBV19,CASSLSGGINEQFF,TRBJ2-1,CASS------LSGGINEQFF
1,TRBV29-1,CSVGSAGTNEKLFF,TRBJ1-4,CSVG------SAGTNEKLFF
1,TRBV29-1,CSVPSTVQETQYF,TRBJ2-5,CSVP-------STVQETQYF
1,TRBV4-2,CASSQDGAGGLGEQYF,TRBJ2-7,CASSQ----DGAGGLGEQYF
1,TRBV29-1,CSVGAGGTNEKLFF,TRBJ1-4,CSVG------AGGTNEKLFF
1,TRBV20-1,CSARSDVGNTIYF,TRBJ1-3,CSAR-------SDVGNTIYF
1,TRBV29-1,CSVGSGGTNEKLFF,TRBJ1-4,CSVG------SGGTNEKLFF
1,TRBV18,CASRPDSDYGYTF,TRBJ1-2,CASR-------PDSDYGYTF
1,TRBV9,CASSAGQLAGGGETQYF,TRBJ2-5,CASSA---GQLAGGGETQYF
1,TRBV20-1,CSARDRVGNGYTF,TRBJ1-2,CSAR-------DRVGNGYTF
1,TRBV2,CASSPGSTAPGELFF,TRBJ2-2,CASSP-----GSTAPGELFF
1,TRBV29-1,CSVRGEGDEQYF,TRBJ2-7,CSVR--------GEGDEQYF
1,TRBV29-1,CSVPGTVQETQYF,TRBJ2-5,CSVP-------GTVQETQYF
1,TRBV27,CASGGGGGGYYNEQFF,TRBJ2-1,CASG----GGGGGYYNEQFF
1,TRBV9,CASSTGQLSNTGELFF,TRBJ2-2,CASS----TGQLSNTGELFF
1,TRBV14,CASSQSPGGTQYF,TRBJ2-3,CASSQ-------SPGGTQYF
1,TRBV27,CASSIGTFETQYF,TRBJ2-5,CASS-------IGTFETQYF
1,TRBV20-1,CSARDSTGNGYTF,TRBJ1-2,CSAR-------DSTGNGYTF
1,TRBV29-1,CSERGQGDEQYF,TRBJ2-7,CSER--------GQGDEQYF
1,TRBV3-1,CASSPVSGSSYEQYF,TRBJ2-7,CASSP-----VSGSSYEQYF
1,TRBV9,CASSVGGLAGGVETQYF,TRBJ2-5,CASSV---GGLAGGVETQYF
1,TRBV9,CASSTYSGQSYGYTF,TRBJ1-2,CASS-----TYSGQSYGYTF
1,TRBV14,CASSQSPGGTQYF,TRBJ2-5,CASSQ-------SPGGTQYF
1,TRBV20-1,CSARLRELSGNTIYF,TRBJ1-3,CSARL-----RELSGNTIYF
1,TRBV7-6,CASSHSGQSFYNEQFF,TRBJ2-1,CASS----HSGQSFYNEQFF
1,TRBV6-1,CASSEAGQTYYNEQFF,TRBJ2-1,CASSE----AGQTYYNEQFF
1,TRBV2,CASSPPEQLPTEAFF,TRBJ1-1,CASSP-----PEQLPTEAFF
1,TRBV20-1,CSAEPETSGGLQYF,TRBJ2-4,CSAE------PETSGGLQYF
1,TRBV29-1,CSVEDTSGQLSVYGYTF,TRBJ1-2,CSVED---TSGQLSVYGYTF
1,TRBV14,CASSQSPGGEQYF,TRBJ2-7,CASSQ-------SPGGEQYF
1,TRBV29-1,CSGREDSTNEKLFF,TRBJ1-4,CSGR------EDSTNEKLFF
1,TRBV14,CASSQSPGGTQYF,TRBJ2-5,CASSQ-------SPGGTQYF
1,TRBV20-1,CSARPGTASLVGNTIYF,TRBJ1-3,CSARP---GTASLVGNTIYF
1,TRBV15,CATSSRTGPSYNEQFF,TRBJ2-1,CATS----SRTGPSYNEQFF
1,TRBV3-1,CASSPDREGGDRGYNEQFF,TRBJ2-1,CASSPD-REGGDRGYNEQFF
1,TRBV11-2,CASSFSSGTTDTQYF,TRBJ2-3,CASSF-----SSGTTDTQYF
1,TRBV29-1,CSVTGDRRSNQPQHF,TRBJ1-5,CSVT-----GDRRSNQPQHF
1,TRBV9,CASSVGGEAYEQYF,TRBJ2-7,CASS------VGGEAYEQYF
1,TRBV9,CASSPFDGSPLHF,TRBJ1-6,CASS-------PFDGSPLHF
1,TRBV2,CASSAGRVLPGEQYF,TRBJ2-7,CASSA-----GRVLPGEQYF
1,TRBV9,CASSVAGGDEQFF,TRBJ2-1,CASS-------VAGGDEQFF
1,TRBV2,CASSDGQVAPGELFF,TRBJ2-2,CASSD-----GQVAPGELFF
1,TRBV29-1,CSVGAGGTNEKLFF,TRBJ1-4,CSVG------AGGTNEKLFF
1,TRBV14,CASSQCPGGEQYF,TRBJ2-7,CASSQ-------CPGGEQYF
1,TRBV2,CASTPGTVLPDTQYF,TRBJ2-3,CASTP-----GTVLPDTQYF
1,TRBV20-1,CSARSGVGNTIYF,TRBJ1-3,CSAR-------SGVGNTIYF
1,TRBV29-1,CSVGTGGTNEKLFF,TRBJ1-4,CSVG------TGGTNEKLFF
1,TRBV2,CASSEGRVLPGELFF,TRBJ2-2,CASSE-----GRVLPGELFF
1,TRBV20-1,CSARDSTGNGYTF,TRBJ1-2,CSAR-------DSTGNGYTF
1,TRBV2,CASSGGQVVPGELFF,TRBJ2-2,CASS-----GGQVVPGELFF
1,TRBV20-1,CSARDRTGNGYTF,TRBJ1-2,CSAR-------DRTGNGYTF
1,TRBV20-1,CSARDEVGNTIYF,TRBJ1-3,CSAR-------DEVGNTIYF
1,TRBV11-2,CASSFSSGTTDTQYF,TRBJ2-3,CASSF-----SSGTTDTQYF
1,TRBV20-1,CSARDRVGNTIYF,TRBJ1-3,CSAR-------DRVGNTIYF
-1,TRBV29-1,CSVGEDRVGEKLFF,TRBJ1-4,CSVG------EDRVGEKLFF
-1,TRBV15,CATSRDSFPSGGATDTQYF,TRBJ2-3,CATSRD-SFPSGGATDTQYF
-1,TRBV29-1,CSVDPGQGSTEAFF,TRBJ1-1,CSVD------PGQGSTEAFF
-1,TRBV6-1,CASERRGLSGYTF,TRBJ1-2,CASE-------RRGLSGYTF
-1,TRBV9,CASSKGFYQPQHF,TRBJ1-5,CASS-------KGFYQPQHF
-1,TRBV19,CASSDRAGNEQFF,TRBJ2-1,CASS-------DRAGNEQFF
-1,TRBV10-3,CAISEPYGGPTGELFF,TRBJ2-2,CAISE----PYGGPTGELFF
-1,TRBV19,CASSSRSSYEQYF,TRBJ2-7,CASS-------SRSSYEQYF
-1,TRBV28,CASSLASTDTQYF,TRBJ2-3,CASSL-------ASTDTQYF
-1,TRBV20-1,CSATKDRGYTEAFF,TRBJ1-1,CSAT------KDRGYTEAFF
-1,TRBV19,CASSIRSNNEQFF,TRBJ2-1,CASS-------IRSNNEQFF
-1,TRBV11-2,CASSITGQLDTQYF,TRBJ2-3,CASS------ITGQLDTQYF
-1,TRBV2,CASSESQGYEQYF,TRBJ2-7,CASS-------ESQGYEQYF
-1,TRBV12-4,CASSLPDRATGELFF,TRBJ2-2,CASSL-----PDRATGELFF
-1,TRBV12-4,CASGPLLLMTNEQFF,TRBJ2-1,CASGP-----LLLMTNEQFF
-1,TRBV20-1,CSARTADTEAFF,TRBJ1-1,CSAR--------TADTEAFF
-1,TRBV19,CASGAGGPLNEQFF,TRBJ2-1,CASG------AGGPLNEQFF
-1,TRBV3-1,CASSQDTKRRAENTEAFF,TRBJ1-1,CASSQD--TKRRAENTEAFF
-1,TRBV14,CASSQSPGGITYF,TRBJ2-3,CASSQ-------SPGGITYF
-1,TRBV12-5,CASGPKPDPRGNTIYF,TRBJ1-3,CASG----PKPDPRGNTIYF
-1,TRBV7-7,CASSLGQNTGELFF,TRBJ2-2,CASS------LGQNTGELFF
-1,TRBV27,CASSGLAGSTYEQYF,TRBJ2-7,CASS-----GLAGSTYEQYF
-1,TRBV5-4,CASSWTQGDEQYF,TRBJ2-7,CASS-------WTQGDEQYF
-1,TRBV2,CASSELNTGELFF,TRBJ2-2,CASS-------ELNTGELFF
-1,TRBV19,CASSIRAADTQYF,TRBJ2-3,CASS-------IRAADTQYF
-1,TRBV6-5,CASSNPGPWGSPLHF,TRBJ1-6,CASSN-----PGPWGSPLHF
-1,TRBV24-1,CATSDPTDRVDGYTF,TRBJ1-2,CATSD-----PTDRVDGYTF
-1,TRBV7-9,CASSSPGTEATF,TRBJ1-2,CASS--------SPGTEATF
-1,TRBV14,CASSQGPAAYEQYF,TRBJ2-7,CASS------QGPAAYEQYF
-1,TRBV30,CAWSVRSMFRLRGYNSPLHF,TRBJ1-6,CAWSVRSMFRLRGYNSPLHF
-1,TRBV4-1,CASSRSSGTELYNEQFF,TRBJ2-1,CASSR---SSGTELYNEQFF
-1,TRBV15,CATTGGSGYEQYF,TRBJ2-7,CATT-------GGSGYEQYF
-1,TRBV4-2,CASSQADRGGPNTGELFF,TRBJ2-2,CASSQA--DRGGPNTGELFF
-1,TRBV12-4,CASSSDPSSDYEQYF,TRBJ2-7,CASSS-----DPSSDYEQYF
-1,TRBV3-1,CASSHGAAAGETEAFF,TRBJ1-1,CASS----HGAAAGETEAFF
-1,TRBV5-4,CASSPEVGAGGHTGELFF,TRBJ2-2,CASSPE--VGAGGHTGELFF
-1,TRBV29-1,CSVDGGGTEAFF,TRBJ1-1,CSVD--------GGGTEAFF
-1,TRBV7-2,CASSLEDTNYGYTF,TRBJ1-2,CASS------LEDTNYGYTF
-1,TRBV28,CASNPSAIYNEQFF,TRBJ2-1,CASN------PSAIYNEQFF
-1,TRBV9,CASSAGTGVPNEKLFF,TRBJ1-4,CASS----AGTGVPNEKLFF
-1,TRBV9,CASSAAGRINQPQHF,TRBJ1-5,CASSA-----AGRINQPQHF
-1,TRBV13,CASSSWAPGSGANVLTF,TRBJ2-6,CASSS---WAPGSGANVLTF
-1,TRBV5-6,CASSLAHQTYEQYF,TRBJ2-7,CASS------LAHQTYEQYF
-1,TRBV20-1,CSAREGEHEQYF,TRBJ2-7,CSAR--------EGEHEQYF
-1,TRBV5-6,CASSDMTGGFTDTQYF,TRBJ2-3,CASSD----MTGGFTDTQYF
-1,TRBV11-1,CASSLAPGATNEKLFF,TRBJ1-4,CASSL----APGATNEKLFF
-1,TRBV7-9,CASNEQNSNEQFF,TRBJ2-1,CASN-------EQNSNEQFF
-1,TRBV27,CASRRPGGDTEAFF,TRBJ1-1,CASR------RPGGDTEAFF
-1,TRBV11-2,CASSPGTSGGSSYNEQFF,TRBJ2-1,CASSP--GTSGGSSYNEQFF
-1,TRBV5-4,CASSEQGSGELFF,TRBJ2-2,CASS-------EQGSGELFF
-1,TRBV19,CASSGRASGELFF,TRBJ2-2,CASS-------GRASGELFF
-1,TRBV12-4,CASSQALPYEQYF,TRBJ2-7,CASSQ-------ALPYEQYF
-1,TRBV24-1,CATSESDGKNIQYF,TRBJ2-4,CATS------ESDGKNIQYF
-1,TRBV25-1,CASSDSRANTGELFF,TRBJ2-2,CASSD-----SRANTGELFF
-1,TRBV7-6,CASSLGVVDTDTQYF,TRBJ2-3,CASSL-----GVVDTDTQYF
-1,TRBV9,CASSVEGTSGRSYNEQFF,TRBJ2-1,CASSVE--GTSGRSYNEQFF
-1,TRBV27,CASSLGLNEQFF,TRBJ2-1,CASSL--------GLNEQFF
-1,TRBV2,CASSYLPTGGTDTQYF,TRBJ2-3,CASSY----LPTGGTDTQYF
-1,TRBV19,CASSIRSSYEQYF,TRBJ2-7,CASS-------IRSSYEQYF
-1,TRBV6-3,CASSYSWTGSNYGYTF,TRBJ1-2,CASSY----SWTGSNYGYTF
-1,TRBV30,CAWSVGEEPDTQYF,TRBJ2-3,CAWS------VGEEPDTQYF
-1,TRBV4-2,CASSQVRAGTSYEQYF,TRBJ2-7,CASSQ----VRAGTSYEQYF
-1,TRBV7-8,CASSLGTGLEDQPQHF,TRBJ1-5,CASSL----GTGLEDQPQHF
-1,TRBV19,CASSIRSSVEAFF,TRBJ1-1,CASS-------IRSSVEAFF
-1,TRBV7-2,CASSLEDTNYGYTF,TRBJ1-2,CASS------LEDTNYGYTF
-1,TRBV27,CASSLEGFTEAFF,TRBJ1-1,CASSL-------EGFTEAFF
-1,TRBV9,CASSEGQGPYEQYF,TRBJ2-7,CASS------EGQGPYEQYF
-1,TRBV7-2,CASSLNPNTEAFF,TRBJ1-1,CASSL-------NPNTEAFF
-1,TRBV29-1,CSMYRGPPYDGYTF,TRBJ1-2,CSMY------RGPPYDGYTF
-1,TRBV12-4,CASSLAGPGLGLEQYF,TRBJ2-7,CASSL----AGPGLGLEQYF
-1,TRBV19,CASSIYSNQPQHF,TRBJ1-5,CASS-------IYSNQPQHF
-1,TRBV19,CASSIRSAYEQYF,TRBJ2-7,CASS-------IRSAYEQYF
-1,TRBV2,CASSDRWSGNGDTQYF,TRBJ2-3,CASSD----RWSGNGDTQYF
-1,TRBV11-3,CASSSPLAGDNEQFF,TRBJ2-1,CASSS-----PLAGDNEQFF
-1,TRBV5-1,CASSSGLAGVETGELFF,TRBJ2-2,CASSS---GLAGVETGELFF
-1,TRBV12-4,CASGTEIFYYEQYF,TRBJ2-7,CASG------TEIFYYEQYF
-1,TRBV4-1,CASSQDPGSAEAFF,TRBJ1-1,CASS------QDPGSAEAFF
-1,TRBV6-5,CASSYSRGGGSDTQYF,TRBJ2-3,CASSY----SRGGGSDTQYF
-1,TRBV9,CASSTIEGQGGRHTQYF,TRBJ2-3,CASST---IEGQGGRHTQYF
-1,TRBV7-9,CASSLVGVGLLLNEQYF,TRBJ2-7,CASSL---VGVGLLLNEQYF
-1,TRBV7-8,CASSLPDRAGEKLFF,TRBJ1-4,CASSL-----PDRAGEKLFF
-1,TRBV15,CATSSLWASDTQYF,TRBJ2-3,CATS------SLWASDTQYF
-1,TRBV25-1,CASSESNSLEAFF,TRBJ1-1,CASS-------ESNSLEAFF
-1,TRBV29-1,CSGDRSSDTQYF,TRBJ2-3,CSGD--------RSSDTQYF
-1,TRBV4-3,CASSPRGIEPQHF,TRBJ1-5,CASS-------PRGIEPQHF
-1,TRBV6-1,CASSDRLENNEKLFF,TRBJ1-4,CASSD-----RLENNEKLFF
-1,TRBV28,CASSRPVGLFNYGYTF,TRBJ1-2,CASS----RPVGLFNYGYTF
-1,TRBV19,CASSGRAAGELFF,TRBJ2-2,CASS-------GRAAGELFF
-1,TRBV9,CASSVGQGGNQPQHF,TRBJ1-5,CASSV-----GQGGNQPQHF
-1,TRBV20-1,CSALRDKNTGELFF,TRBJ2-2,CSAL------RDKNTGELFF
-1,TRBV14,CASSQEGGSAGFTDTQYF,TRBJ2-3,CASSQE--GGSAGFTDTQYF
-1,TRBV6-2,CASTTGTGYAEAFF,TRBJ1-1,CAST------TGTGYAEAFF
-1,TRBV3-1,CASSQGQVPGETQYF,TRBJ2-5,CASSQ-----GQVPGETQYF
-1,TRBV2,CASSGLNDRFYEQYF,TRBJ2-7,CASS-----GLNDRFYEQYF
-1,TRBV19,CASSSRSHQPQHF,TRBJ1-5,CASS-------SRSHQPQHF
-1,TRBV7-9,CASSLAGDEQFF,TRBJ2-1,CASSL--------AGDEQFF
-1,TRBV27,CASSPTSGSTDTQYF,TRBJ2-3,CASSP-----TSGSTDTQYF
-1,TRBV4-3,CASSPTGQGAHGYTF,TRBJ1-2,CASSP-----TGQGAHGYTF
-1,TRBV6-2,CASSYSGTGWTEAFF,TRBJ1-1,CASSY-----SGTGWTEAFF
-1,TRBV3-1,CASSSPGQALGTEAFF,TRBJ1-1,CASS----SPGQALGTEAFF
-1,TRBV9,CASSVGGEIQETQYF,TRBJ2-5,CASSV-----GGEIQETQYF
-1,TRBV4-2,CASSQDGGSGSYNEQFF,TRBJ2-1,CASSQ---DGGSGSYNEQFF
-1,TRBV7-8,CASSLEEGYSYEQYF,TRBJ2-7,CASSL-----EEGYSYEQYF
-1,TRBV6-1,CASSEGIYGYTF,TRBJ1-2,CASS--------EGIYGYTF
-1,TRBV4-1,CASSQDVGQGVLYGYTF,TRBJ1-2,CASSQ---DVGQGVLYGYTF
-1,TRBV19,CASSTRSTDTQYF,TRBJ2-3,CASS-------TRSTDTQYF
-1,TRBV5-1,CASSQQNQPQHF,TRBJ1-5,CASS--------QQNQPQHF
-1,TRBV19,CASTPTGGFTAPLHF,TRBJ1-6,CASTP-----TGGFTAPLHF
-1,TRBV20-1,CSARADQGFYEQYF,TRBJ2-7,CSAR------ADQGFYEQYF
-1,TRBV20-1,CSARGSSQWETQYF,TRBJ2-5,CSAR------GSSQWETQYF
-1,TRBV20-1,CSARGGASSYEQYF,TRBJ2-7,CSAR------GGASSYEQYF
-1,TRBV19,CASSSRSHQPQHF,TRBJ1-5,CASS-------SRSHQPQHF
-1,TRBV6-1,CASSAGQGGEHQPQHF,TRBJ1-5,CASS----AGQGGEHQPQHF
-1,TRBV19,CASSGRSTDTQYF,TRBJ2-3,CASS-------GRSTDTQYF
-1,TRBV12-3,CASSPLLAGGKNIQYF,TRBJ2-4,CASS----PLLAGGKNIQYF
-1,TRBV19,CASSIVSNQPQHF,TRBJ1-5,CASS-------IVSNQPQHF
-1,TRBV19,CASSGDRMYTEAFF,TRBJ1-1,CASS------GDRMYTEAFF
-1,TRBV5-5,CASSFGPSNTEAFF,TRBJ1-1,CASS------FGPSNTEAFF
-1,TRBV6-6,CASSFGQRDRGYWRNTEAFF,TRBJ1-1,CASSFGQRDRGYWRNTEAFF
-1,TRBV28,CASSSPLDRYHPYEQYF,TRBJ2-7,CASSS---PLDRYHPYEQYF
-1,TRBV6-5,CASSYTGPFPSEQYF,TRBJ2-7,CASSY-----TGPFPSEQYF
-1,TRBV5-6,CASSWEGINYGYTF,TRBJ1-2,CASS------WEGINYGYTF
-1,TRBV5-6,CASSSDINTGELFF,TRBJ2-2,CASS------SDINTGELFF
-1,TRBV11-2,CASTSSLPGASYNEQFF,TRBJ2-1,CASTS---SLPGASYNEQFF
-1,TRBV19,CASSIRSAYEQYF,TRBJ2-7,CASS-------IRSAYEQYF
-1,TRBV12-4,CASSYPGQQETQYF,TRBJ2-5,CASSY------PGQQETQYF
-1,TRBV28,CASSLNRGASTDTQYF,TRBJ2-3,CASSL----NRGASTDTQYF
-1,TRBV6-6,CASSYYPSASGRADETQYF,TRBJ2-5,CASSYY-PSASGRADETQYF
-1,TRBV5-5,CASSERQGFMDTEAFF,TRBJ1-1,CASSE----RQGFMDTEAFF
-1,TRBV19,CASSTRAADTQYF,TRBJ2-3,CASS-------TRAADTQYF
-1,TRBV18,CASSPVGIGEAFF,TRBJ1-1,CASS-------PVGIGEAFF
-1,TRBV4-1,CASSQEAGSHNEQFF,TRBJ2-1,CASSQ-----EAGSHNEQFF
-1,TRBV20-1,CSATRSSGEPEQFF,TRBJ2-1,CSAT------RSSGEPEQFF
-1,TRBV4-1,CASSQGGQGAPYEQYF,TRBJ2-7,CASSQ----GGQGAPYEQYF
-1,TRBV20-1,CSASQDPYEQYF,TRBJ2-7,CSAS--------QDPYEQYF
-1,TRBV2,CASTIPKAQYF,TRBJ2-5,CAST---------IPKAQYF
-1,TRBV9,CASSVDLKAGEEGEQFF,TRBJ2-1,CASSV---DLKAGEEGEQFF
-1,TRBV2,CASSAGTGELYEQYF,TRBJ2-7,CASSA-----GTGELYEQYF
-1,TRBV5-5,CASTPGGVEAFF,TRBJ1-1,CAST--------PGGVEAFF
-1,TRBV4-3,CASSPNSAGGTEAFF,TRBJ1-1,CASSP-----NSAGGTEAFF
-1,TRBV2,CASSELGVLNEQFF,TRBJ2-1,CASS------ELGVLNEQFF
-1,TRBV14,CASSQDGGGNTEAFF,TRBJ1-1,CASSQ-----DGGGNTEAFF
-1,TRBV7-9,CASSFIGEGGSDEQYF,TRBJ2-7,CASSF----IGEGGSDEQYF
-1,TRBV4-3,CASSQGLAGWSDTQYF,TRBJ2-3,CASSQ----GLAGWSDTQYF
-1,TRBV4-1,CASSYRDRGNNEQFF,TRBJ2-1,CASSY-----RDRGNNEQFF
-1,TRBV11-3,CASSSPIGGTPYNEQFF,TRBJ2-1,CASSS---PIGGTPYNEQFF
-1,TRBV20-1,CSARDPRTGSSYEQYF,TRBJ2-7,CSARD----PRTGSSYEQYF
-1,TRBV4-1,CASSQAGTSYEQYF,TRBJ2-7,CASS------QAGTSYEQYF
-1,TRBV6-3,CASSQAGAYEQYF,TRBJ2-7,CASSQ-------AGAYEQYF
-1,TRBV11-2,CASSAYGVVSSYEQYF,TRBJ2-7,CASS----AYGVVSSYEQYF
-1,TRBV6-1,CASSEFPGPSDGYTF,TRBJ1-2,CASSE-----FPGPSDGYTF
-1,TRBV20-1,CSARGADTQYF,TRBJ2-3,CSAR---------GADTQYF
-1,TRBV12-3,CASTLSGDNTEAFF,TRBJ1-1,CAST------LSGDNTEAFF
-1,TRBV7-9,CASTSRYSYNEQFF,TRBJ2-1,CAST------SRYSYNEQFF
-1,TRBV7-8,CASSDSAGELFF,TRBJ2-2,CASS--------DSAGELFF
-1,TRBV2,CASSESGDDGYTF,TRBJ1-2,CASS-------ESGDDGYTF
-1,TRBV19,CASSGVSNQPQHF,TRBJ1-5,CASS-------GVSNQPQHF
-1,TRBV7-9,CASSPGTSGRPYEQYF,TRBJ2-7,CASS----PGTSGRPYEQYF
-1,TRBV24-1,CATSTRDRVTANTGELFF,TRBJ2-2,CATST--RDRVTANTGELFF
-1,TRBV29-1,CSVDRGSPSYEQYF,TRBJ2-7,CSVD------RGSPSYEQYF
-1,TRBV11-2,CASSSFVGLAWQYF,TRBJ2-7,CASS------SFVGLAWQYF
-1,TRBV6-1,CASSVTGSLLINQPQHF,TRBJ1-5,CASSV---TGSLLINQPQHF
-1,TRBV6-2,CASSYLNDEQYF,TRBJ2-7,CASSY--------LNDEQYF
-1,TRBV7-2,CASSSGGYEQYF,TRBJ2-7,CASS--------SGGYEQYF
-1,TRBV7-9,CASSLIGVSGSNEQFF,TRBJ2-1,CASSL----IGVSGSNEQFF
-1,TRBV27,CASSMGLQETQYF,TRBJ2-5,CASS-------MGLQETQYF
-1,TRBV12-4,CASRNENSGPGYTF,TRBJ1-2,CASR------NENSGPGYTF
-1,TRBV6-5,CASSYSSSGGAYEQYF,TRBJ2-7,CASSY----SSSGGAYEQYF
-1,TRBV4-2,CASRATGSYEQYF,TRBJ2-7,CASR-------ATGSYEQYF
-1,TRBV19,CASSPRSATGAFF,TRBJ1-1,CASS-------PRSATGAFF
-1,TRBV11-1,CASRGTHYGYTF,TRBJ1-2,CASR--------GTHYGYTF
-1,TRBV6-5,CASSYFGGNYGYTF,TRBJ1-2,CASSY------FGGNYGYTF
-1,TRBV27,CASSLSPSTSNYGYTF,TRBJ1-2,CASSL----SPSTSNYGYTF
-1,TRBV7-6,CASSLDDGDRWGYTF,TRBJ1-2,CASSL-----DDGDRWGYTF
-1,TRBV11-1,CASSLEGTSGSPDLNEQFF,TRBJ2-1,CASSLE-GTSGSPDLNEQFF
-1,TRBV5-4,CASSWTQGDEQYF,TRBJ2-7,CASS-------WTQGDEQYF
-1,TRBV9,CASSDASGSIGEQFF,TRBJ2-1,CASSD-----ASGSIGEQFF
-1,TRBV9,CASSTQGGGTGELFF,TRBJ2-2,CASS-----TQGGGTGELFF
-1,TRBV20-1,CSARVQGLGYEQYF,TRBJ2-7,CSAR------VQGLGYEQYF
-1,TRBV19,CASSPRSTDTQYF,TRBJ2-3,CASS-------PRSTDTQYF
-1,TRBV24-1,CATSDFQQGSEQFF,TRBJ2-1,CATS------DFQQGSEQFF
-1,TRBV6-1,CASSDLGQGRMNTEAFF,TRBJ1-1,CASSD---LGQGRMNTEAFF
-1,TRBV4-2,CASSPGLGTYEQYF,TRBJ2-7,CASS------PGLGTYEQYF
-1,TRBV19,CASSIKDYDNEQFF,TRBJ2-1,CASS------IKDYDNEQFF
-1,TRBV18,CASSGQTYEQYF,TRBJ2-7,CASS--------GQTYEQYF
-1,TRBV30,CAWSQEGQGAADTQYF,TRBJ2-3,CAWSQ----EGQGAADTQYF
-1,TRBV4-1,CASSQEGLVAEQFF,TRBJ2-1,CASS------QEGLVAEQFF
-1,TRBV5-6,CASSSQGWGRVYSEQFF,TRBJ2-1,CASSS---QGWGRVYSEQFF
-1,TRBV15,CATSSSGETDTQYF,TRBJ2-3,CATS------SSGETDTQYF
-1,TRBV2,CASSEGQGYEQYF,TRBJ2-7,CASS-------EGQGYEQYF
-1,TRBV6-5,CASSPTQGTYEQYF,TRBJ2-7,CASS------PTQGTYEQYF
-1,TRBV7-8,CASSLSLSQGSFGYTF,TRBJ1-2,CASSL----SLSQGSFGYTF
-1,TRBV6-5,CASSYWQGSNEKLFF,TRBJ1-4,CASSY-----WQGSNEKLFF
-1,TRBV7-9,CASSPDIEQYF,TRBJ2-7,CASS---------PDIEQYF
-1,TRBV6-1,CASSETGQPQHF,TRBJ1-5,CASS--------ETGQPQHF
-1,TRBV19,CASSYYSNQPQHF,TRBJ1-5,CASSY-------YSNQPQHF
-1,TRBV7-6,CASSLVDREGEQYF,TRBJ2-7,CASS------LVDREGEQYF
-1,TRBV5-6,CASSFWGGGTEAFF,TRBJ1-1,CASS------FWGGGTEAFF
-1,TRBV5-1,CASGDENTGELFF,TRBJ2-2,CASG-------DENTGELFF
-1,TRBV19,CASSIRSSYEQYF,TRBJ2-7,CASS-------IRSSYEQYF
-1,TRBV7-9,CASGHPNDLKAFF,TRBJ1-1,CASG-------HPNDLKAFF
-1,TRBV19,CASGGLVHEQFF,TRBJ2-1,CASG--------GLVHEQFF
-1,TRBV5-6,CASSLSSYEQYF,TRBJ2-7,CASSL--------SSYEQYF
-1,TRBV6-6,CASYWTGEAGYTF,TRBJ1-2,CASY-------WTGEAGYTF
-1,TRBV15,CATSRLPQHTTNEKLFF,TRBJ1-4,CATSR---LPQHTTNEKLFF
-1,TRBV4-3,CASSPDSTSGYSREQFF,TRBJ2-1,CASSP---DSTSGYSREQFF
-1,TRBV30,CACQDREVSYEQYF,TRBJ2-7,CACQ------DREVSYEQYF
-1,TRBV20-1,CSARDERALNTGELFF,TRBJ2-2,CSARD----ERALNTGELFF
-1,TRBV2,CASSDGASYEQYF,TRBJ2-7,CASS-------DGASYEQYF
-1,TRBV14,CASSQGGDTEAFF,TRBJ1-1,CASSQ-------GGDTEAFF
-1,TRBV7-9,CASSFRENQPQHF,TRBJ1-5,CASSF-------RENQPQHF
-1,TRBV24-1,CATGDGATNYGYTF,TRBJ1-2,CATG------DGATNYGYTF
-1,TRBV2,CASTQAGVLLGYTF,TRBJ1-2,CAST------QAGVLLGYTF
-1,TRBV20-1,CSAPTSGGHNEQFF,TRBJ2-1,CSAP------TSGGHNEQFF
-1,TRBV19,CASSWYSNQPQHF,TRBJ1-5,CASS-------WYSNQPQHF
-1,TRBV4-2,CASSQTESTDTQYF,TRBJ2-3,CASS------QTESTDTQYF
-1,TRBV2,CASSPGPETGELFF,TRBJ2-2,CASS------PGPETGELFF
-1,TRBV7-8,CASSLILAGLNQPQHF,TRBJ1-5,CASSL----ILAGLNQPQHF
-1,TRBV29-1,CSVGQGWPYEQYF,TRBJ2-7,CSVGQ-------GWPYEQYF
-1,TRBV6-1,CASSEEGQGSAEAFF,TRBJ1-1,CASSE-----EGQGSAEAFF
-1,TRBV6-1,CASSDGDHSYEQYF,TRBJ2-7,CASS------DGDHSYEQYF
-1,TRBV6-6,CASSWVYNEQFF,TRBJ2-1,CASS--------WVYNEQFF
-1,TRBV6-4,CATGTSGGTYNEQFF,TRBJ2-1,CATG-----TSGGTYNEQFF
-1,TRBV6-5,CASSPRVNTEAFF,TRBJ1-1,CASS-------PRVNTEAFF
-1,TRBV27,CASSPLGGYEQYF,TRBJ2-7,CASS-------PLGGYEQYF
-1,TRBV6-1,CASSENRSGGEQYF,TRBJ2-7,CASS------ENRSGGEQYF
-1,TRBV20-1,CSASTSDPYEQYF,TRBJ2-7,CSAS-------TSDPYEQYF
-1,TRBV19,CASSARSTGELFF,TRBJ2-2,CASS-------ARSTGELFF
-1,TRBV6-3,CASSAAGNQPQHF,TRBJ1-5,CASS-------AAGNQPQHF
-1,TRBV7-9,CASSLIGVSPYNEQFF,TRBJ2-1,CASSL----IGVSPYNEQFF
-1,TRBV10-2,CASSERTSGATDTQYF,TRBJ2-3,CASSE----RTSGATDTQYF
-1,TRBV5-6,CASSLGQGAVAEAFF,TRBJ1-1,CASSL-----GQGAVAEAFF
-1,TRBV20-1,CSARGLAEANTGELFF,TRBJ2-2,CSAR----GLAEANTGELFF
-1,TRBV24-1,CATSDRTVSYNEQFF,TRBJ2-1,CATSD-----RTVSYNEQFF
-1,TRBV6-5,CASSSGPAYEQYF,TRBJ2-7,CASS-------SGPAYEQYF
-1,TRBV2,CASSDLNTGELFF,TRBJ2-2,CASS-------DLNTGELFF
-1,TRBV13,CASSFSMNTEAFF,TRBJ1-1,CASSF-------SMNTEAFF
-1,TRBV19,CASGAGGPLNEQFF,TRBJ2-1,CASG------AGGPLNEQFF
-1,TRBV6-4,CASSADGQSRGAFF,TRBJ1-1,CASS------ADGQSRGAFF
-1,TRBV12-4,CASGGRAGTDTQYF,TRBJ2-3,CASG------GRAGTDTQYF
-1,TRBV7-8,CASSYGIAGKETQYF,TRBJ2-5,CASSY-----GIAGKETQYF
-1,TRBV19,CASSIRSTGELFF,TRBJ2-2,CASS-------IRSTGELFF
-1,TRBV11-2,CASSRRGGGSSYNEQFF,TRBJ2-1,CASSR---RGGGSSYNEQFF
-1,TRBV19,CASSMRSTDTQYF,TRBJ2-3,CASS-------MRSTDTQYF
-1,TRBV19,CASSFYSTTEQFF,TRBJ2-1,CASSF-------YSTTEQFF
-1,TRBV9,CASSVRSADTQYF,TRBJ2-3,CASS-------VRSADTQYF
-1,TRBV13,CASSLFTGSFSYEQYF,TRBJ2-7,CASSL----FTGSFSYEQYF
-1,TRBV19,CASSIRSSYEQYF,TRBJ2-7,CASS-------IRSSYEQYF
-1,TRBV27,CASSPLAGGFEKKETQYF,TRBJ2-5,CASSPL--AGGFEKKETQYF
-1,TRBV20-1,CSAGGTGIYGSYEQYF,TRBJ2-7,CSAG----GTGIYGSYEQYF
-1,TRBV16,CASSQWEAGGVYEQYF,TRBJ2-7,CASSQ----WEAGGVYEQYF
-1,TRBV11-2,CASNEGANTGELFF,TRBJ2-2,CASN------EGANTGELFF
-1,TRBV7-9,CASSQGGNEQFF,TRBJ2-1,CASS--------QGGNEQFF
-1,TRBV2,CASSEWESYEQYF,TRBJ2-7,CASS-------EWESYEQYF
-1,TRBV9,CASSVDEGNTGELFF,TRBJ2-2,CASSV-----DEGNTGELFF
-1,TRBV5-4,CASSQLEYSIADTQYF,TRBJ2-3,CASSQ----LEYSIADTQYF
-1,TRBV19,CASSRYHTDTQYF,TRBJ2-3,CASS-------RYHTDTQYF
-1,TRBV6-5,CASSYGAGGYEQYF,TRBJ2-7,CASSY------GAGGYEQYF
-1,TRBV5-4,CASSLVPSDQETQYF,TRBJ2-5,CASSL-----VPSDQETQYF
-1,TRBV7-8,CASSLAWGNEQFF,TRBJ2-1,CASSL-------AWGNEQFF
-1,TRBV14,CASTGGGALGTEAFF,TRBJ1-1,CAST-----GGGALGTEAFF
-1,TRBV4-3,CASSQDTRQGGTEAFF,TRBJ1-1,CASSQ----DTRQGGTEAFF
-1,TRBV7-8,CASSLVGKNEKLFF,TRBJ1-4,CASS------LVGKNEKLFF
-1,TRBV6-2,CAIQDAGASYEQYF,TRBJ2-7,CAIQ------DAGASYEQYF
-1,TRBV19,CASSIRASYEQYF,TRBJ2-7,CASS-------IRASYEQYF
-1,TRBV13,CASSLGRPGTDTQYF,TRBJ2-3,CASSL-----GRPGTDTQYF
-1,TRBV12-4,CASSHQYNEQFF,TRBJ2-1,CASS--------HQYNEQFF
-1,TRBV12-3,CASSSGGGTQYF,TRBJ2-5,CASS--------SGGGTQYF
-1,TRBV7-6,CASSSGLAGGLTGELFF,TRBJ2-2,CASSS---GLAGGLTGELFF
-1,TRBV27,CASSPKTGRHQETQYF,TRBJ2-5,CASS----PKTGRHQETQYF
-1,TRBV27,CASSISHSTDTQYF,TRBJ2-3,CASS------ISHSTDTQYF
-1,TRBV9,CASSVELSTDTQYF,TRBJ2-3,CASS------VELSTDTQYF
-1,TRBV6-2,CASSLEAGGPKDEQFF,TRBJ2-1,CASSL----EAGGPKDEQFF
-1,TRBV3-1,CASSSATGLAGYTF,TRBJ1-2,CASS------SATGLAGYTF
-1,TRBV10-3,CAISDVSADTQYF,TRBJ2-3,CAIS-------DVSADTQYF
-1,TRBV7-9,CASSLDIEAFF,TRBJ1-1,CASSL---------DIEAFF
-1,TRBV5-6,CASSFDGGIPEAFF,TRBJ1-1,CASS------FDGGIPEAFF
-1,TRBV19,CASSIRSAGELFF,TRBJ2-2,CASS-------IRSAGELFF
-1,TRBV2,CASSGLGPLGKGETQYF,TRBJ2-5,CASSG---LGPLGKGETQYF
-1,TRBV28,CASSGPRGVTDTQYF,TRBJ2-3,CASS-----GPRGVTDTQYF
-1,TRBV20-1,CSALGTVTDYGYTF,TRBJ1-2,CSAL------GTVTDYGYTF
-1,TRBV24-1,CATSDLGLAGDTQYF,TRBJ2-3,CATSD-----LGLAGDTQYF
-1,TRBV4-1,CASSRVGTGGYEQYF,TRBJ2-7,CASSR-----VGTGGYEQYF
-1,TRBV18,CASSPVGGDYGYTF,TRBJ1-2,CASS------PVGGDYGYTF
-1,TRBV6-2,CASSPKGETQYF,TRBJ2-5,CASS--------PKGETQYF
-1,TRBV2,CASISRVNQPQHF,TRBJ1-5,CASI-------SRVNQPQHF
-1,TRBV7-2,CASSSQGAYGYTF,TRBJ1-2,CASS-------SQGAYGYTF
-1,TRBV4-3,CASSQEPSGMVSRDNEQFF,TRBJ2-1,CASSQE-PSGMVSRDNEQFF
-1,TRBV19,CASSIIRESNQPQHF,TRBJ1-5,CASSI-----IRESNQPQHF
-1,TRBV12-4,CASSPSTGKVSTEAFF,TRBJ1-1,CASS----PSTGKVSTEAFF
-1,TRBV28,CASSLPKTINSEQYF,TRBJ2-7,CASSL-----PKTINSEQYF
-1,TRBV28,CASSLLGRGSTDTQYF,TRBJ2-3,CASSL----LGRGSTDTQYF
-1,TRBV4-3,CASSQERTDEQFF,TRBJ2-1,CASSQ-------ERTDEQFF
-1,TRBV5-4,CASSLGTGIAGELFF,TRBJ2-2,CASSL-----GTGIAGELFF
-1,TRBV12-4,CASLPTGTNTGELFF,TRBJ2-2,CASLP-----TGTNTGELFF
-1,TRBV6-2,CASSYSGTGWTEAFF,TRBJ1-1,CASSY-----SGTGWTEAFF
-1,TRBV19,CASSIRSSQPQHF,TRBJ1-5,CASS-------IRSSQPQHF
-1,TRBV13,CASSFGVGTQNTGELFF,TRBJ2-2,CASSF---GVGTQNTGELFF
-1,TRBV4-3,CASSLQRTGSYEQYF,TRBJ2-7,CASSL-----QRTGSYEQYF
-1,TRBV20-1,CSARSVDSSNQPQHF,TRBJ1-5,CSARS-----VDSSNQPQHF
-1,TRBV20-1,CSARGLAGYNEQFF,TRBJ2-1,CSAR------GLAGYNEQFF
-1,TRBV29-1,CSVEGREGYEQFF,TRBJ2-1,CSVE-------GREGYEQFF
-1,TRBV4-3,CASSQESDGIAKNIQYF,TRBJ2-4,CASSQ---ESDGIAKNIQYF
-1,TRBV3-1,CASSQEVAYEQYF,TRBJ2-7,CASSQ-------EVAYEQYF
-1,TRBV27,CASSSPTSGDYEQYF,TRBJ2-7,CASSS-----PTSGDYEQYF
-1,TRBV27,CASSFPGQGNTQYF,TRBJ2-3,CASS------FPGQGNTQYF
-1,TRBV6-5,CASSYARPGSTGELFF,TRBJ2-2,CASSY----ARPGSTGELFF
-1,TRBV19,CASSIRSTDTQYF,TRBJ2-3,CASS-------IRSTDTQYF
-1,TRBV6-2,CASSYSVKGLNTEAFF,TRBJ1-1,CASSY----SVKGLNTEAFF
-1,TRBV6-5,CASSPITGTGIYGYTF,TRBJ1-2,CASS----PITGTGIYGYTF
-1,TRBV10-3,CAISGSGSSNYGYTF,TRBJ1-2,CAIS-----GSGSSNYGYTF
-1,TRBV19,CASSTGAYGYTF,TRBJ1-2,CASS--------TGAYGYTF
-1,TRBV27,CASSKTGTRVNEQFF,TRBJ2-1,CASSK-----TGTRVNEQFF
-1,TRBV20-1,CSARDDSYSYEQYF,TRBJ2-7,CSAR------DDSYSYEQYF
-1,TRBV19,CASSTLGTADKLNYGYTF,TRBJ1-2,CASSTL--GTADKLNYGYTF
-1,TRBV5-6,CASSSGQGAPYEQYF,TRBJ2-7,CASSS-----GQGAPYEQYF
-1,TRBV7-9,CASSLPGRGETQYF,TRBJ2-5,CASS------LPGRGETQYF
-1,TRBV29-1,CSAAGAGTWGEQYF,TRBJ2-7,CSAA------GAGTWGEQYF
-1,TRBV2,CASSEFRSPYEQYF,TRBJ2-7,CASS------EFRSPYEQYF
-1,TRBV9,CASSGGQGAYEQYF,TRBJ2-7,CASS------GGQGAYEQYF
-1,TRBV4-1,CASSQDQAGGNTIYF,TRBJ1-3,CASSQ-----DQAGGNTIYF
-1,TRBV2,CASSEFQSPYEQYF,TRBJ2-7,CASS------EFQSPYEQYF
-1,TRBV9,CASSPQGGGSYEQYF,TRBJ2-7,CASSP-----QGGGSYEQYF
-1,TRBV11-2,CASSLASGTPLDEQFF,TRBJ2-1,CASSL----ASGTPLDEQFF
-1,TRBV25-1,CASSNNPGQEAYEQYF,TRBJ2-7,CASS----NNPGQEAYEQYF
-1,TRBV9,CASSVGGVPYNEQFF,TRBJ2-1,CASSV-----GGVPYNEQFF
-1,TRBV7-3,CASSRLPSTDTQYF,TRBJ2-3,CASS------RLPSTDTQYF
-1,TRBV6-1,CASSDLDSNQPQHF,TRBJ1-5,CASS------DLDSNQPQHF
-1,TRBV9,CASSPPRGEQFF,TRBJ2-1,CASS--------PPRGEQFF
-1,TRBV4-1,CASSQDGQGAMYEQYF,TRBJ2-7,CASSQ----DGQGAMYEQYF
-1,TRBV10-3,CAISEPGLAGAAYNEQFF,TRBJ2-1,CAISEP--GLAGAAYNEQFF
-1,TRBV3-1,CASSQDLGEETQYF,TRBJ2-5,CASS------QDLGEETQYF
-1,TRBV2,CASKAGGGVETQYF,TRBJ2-5,CASK------AGGGVETQYF
-1,TRBV4-3,CASSQVPPGQGTDTQYF,TRBJ2-3,CASSQ---VPPGQGTDTQYF
-1,TRBV29-1,CSVESSGSYEQYF,TRBJ2-7,CSVE-------SSGSYEQYF
-1,TRBV19,CASSMRGSDTQYF,TRBJ2-3,CASS-------MRGSDTQYF
-1,TRBV19,CASSPRGLEDTQYF,TRBJ2-3,CASS------PRGLEDTQYF
-1,TRBV18,CASSPYSGETQYF,TRBJ2-5,CASS-------PYSGETQYF
-1,TRBV28,CASSELKQPNTEAFF,TRBJ1-1,CASSE-----LKQPNTEAFF
-1,TRBV2,CASTTGGHDQPQHF,TRBJ1-5,CAST------TGGHDQPQHF
-1,TRBV28,CASSFENTGELFF,TRBJ2-2,CASSF-------ENTGELFF
-1,TRBV5-1,CASSFGDVAGIRDTQYF,TRBJ2-3,CASSF---GDVAGIRDTQYF
-1,TRBV6-1,CAEQDLNTGELFF,TRBJ2-2,CAEQ-------DLNTGELFF
-1,TRBV7-8,CASSLVGTASYGYTF,TRBJ1-2,CASSL-----VGTASYGYTF
-1,TRBV30,CAWSITSGTYNEQFF,TRBJ2-1,CAWSI-----TSGTYNEQFF
-1,TRBV20-1,CSATGNRGADTQYF,TRBJ2-3,CSAT------GNRGADTQYF
-1,TRBV2,CASPDANTGELFF,TRBJ2-2,CASP-------DANTGELFF
-1,TRBV10-3,CAISVSGTRVYNEQFF,TRBJ2-1,CAIS----VSGTRVYNEQFF
-1,TRBV9,CASSPDRIDEQFF,TRBJ2-1,CASS-------PDRIDEQFF
-1,TRBV19,CASSSRSSYEQYF,TRBJ2-7,CASS-------SRSSYEQYF
-1,TRBV19,CASSIRSGETQYF,TRBJ2-5,CASS-------IRSGETQYF
-1,TRBV2,CASSHTTGSSYNEQFF,TRBJ2-1,CASS----HTTGSSYNEQFF
-1,TRBV29-1,CSVEGLAGGPHSYEQYF,TRBJ2-7,CSVEG---LAGGPHSYEQYF
-1,TRBV9,CASSNRVEGSTEAFF,TRBJ1-1,CASSN-----RVEGSTEAFF
-1,TRBV19,CASSIRASYEQYF,TRBJ2-7,CASS-------IRASYEQYF
-1,TRBV15,CATSSLNPGTEAFF,TRBJ1-1,CATS------SLNPGTEAFF
-1,TRBV11-2,CASSPWGGIGETQYF,TRBJ2-5,CASSP-----WGGIGETQYF
-1,TRBV25-1,CASNGGKDQPQHF,TRBJ1-5,CASN-------GGKDQPQHF
-1,TRBV24-1,CATSGLAGNEQFF,TRBJ2-1,CATS-------GLAGNEQFF
-1,TRBV11-2,CASTHGSGYTF,TRBJ1-2,CAST---------HGSGYTF
-1,TRBV19,CASSIRSTNEQFF,TRBJ2-1,CASS-------IRSTNEQFF
-1,TRBV9,CASSVGGGRATGELFF,TRBJ2-2,CASS----VGGGRATGELFF
-1,TRBV11-2,CASSSWGTSSEDTQYF,TRBJ2-3,CASS----SWGTSSEDTQYF
-1,TRBV3-1,CASSQDLGGAYEQYF,TRBJ2-7,CASSQ-----DLGGAYEQYF
-1,TRBV2,CASSEVTAGDGYTF,TRBJ1-2,CASS------EVTAGDGYTF
-1,TRBV19,CASSIDSNQPQHF,TRBJ1-5,CASS-------IDSNQPQHF
-1,TRBV14,CASSPMGHEQYF,TRBJ2-7,CASS--------PMGHEQYF
-1,TRBV19,CASRNGRYHQPQHF,TRBJ1-5,CASR------NGRYHQPQHF
-1,TRBV2,CASRAGGGVETQYF,TRBJ2-5,CASR------AGGGVETQYF
-1,TRBV29-1,CSVPTSGGSNEQFF,TRBJ2-1,CSVP------TSGGSNEQFF
-1,TRBV18,CASSPKLQGAWAEKLFF,TRBJ1-4,CASSP---KLQGAWAEKLFF
-1,TRBV13,CASSPEGANTGELFF,TRBJ2-2,CASSP-----EGANTGELFF
-1,TRBV19,CASSIFGGAEAFF,TRBJ1-1,CASS-------IFGGAEAFF
-1,TRBV27,CASSLGGGLNYGYTF,TRBJ1-2,CASSL-----GGGLNYGYTF
-1,TRBV19,CASSNRASEKLFF,TRBJ1-4,CASS-------NRASEKLFF
-1,TRBV11-3,CASSLDFGNTIYF,TRBJ1-3,CASSL-------DFGNTIYF
-1,TRBV14,CASSQLLAGGFSQTDTQYF,TRBJ2-3,CASSQL-LAGGFSQTDTQYF
-1,TRBV12-4,CASSSIYGTSYEQYF,TRBJ2-7,CASSS-----IYGTSYEQYF
-1,TRBV27,CASSALTSAKRYEQFF,TRBJ2-1,CASS----ALTSAKRYEQFF
-1,TRBV6-4,CASSDSGGTGYNEQFF,TRBJ2-1,CASSD----SGGTGYNEQFF
-1,TRBV6-5,CASSWKTGTGGTGYTF,TRBJ1-2,CASS----WKTGTGGTGYTF
-1,TRBV13,CASSLGDRANTEAFF,TRBJ1-1,CASSL-----GDRANTEAFF
-1,TRBV2,CASSVRTGYTEAFF,TRBJ1-1,CASS------VRTGYTEAFF
-1,TRBV7-8,CASSLEGLAGYEQYF,TRBJ2-7,CASSL-----EGLAGYEQYF
-1,TRBV19,CASSGRSAGELFF,TRBJ2-2,CASS-------GRSAGELFF
-1,TRBV16,CASSQLTLYGYTF,TRBJ1-2,CASSQ-------LTLYGYTF
-1,TRBV4-1,CASSQVGAYEQYF,TRBJ2-7,CASSQ-------VGAYEQYF
-1,TRBV3-1,CASSQDLYEQFF,TRBJ2-1,CASS--------QDLYEQFF
-1,TRBV11-1,CASSFQGYTEAFF,TRBJ1-1,CASSF-------QGYTEAFF
-1,TRBV19,CASSMFHSGNTIYF,TRBJ1-3,CASS------MFHSGNTIYF
-1,TRBV2,CASRGTSGATGELFF,TRBJ2-2,CASR-----GTSGATGELFF
-1,TRBV19,CASSIGLYGYTF,TRBJ1-2,CASS--------IGLYGYTF
-1,TRBV20-1,CSARFLRQGSTYEQYF,TRBJ2-7,CSARF----LRQGSTYEQYF
-1,TRBV27,CASRILTGSYEQYF,TRBJ2-7,CASR------ILTGSYEQYF
-1,TRBV4-2,CASSQEMGDWGEQYF,TRBJ2-7,CASSQ-----EMGDWGEQYF
-1,TRBV20-1,CSREGLNNEQFF,TRBJ2-1,CSRE--------GLNNEQFF
-1,TRBV19,CASSIGVAGEQYF,TRBJ2-7,CASS-------IGVAGEQYF
-1,TRBV20-1,CSARPSGVPYEQYF,TRBJ2-7,CSAR------PSGVPYEQYF
-1,TRBV18,CASSPAERSADSNQPQHF,TRBJ1-5,CASSPA--ERSADSNQPQHF
-1,TRBV20-1,CSAWDTLASGMTDTQYF,TRBJ2-3,CSAWD---TLASGMTDTQYF
-1,TRBV20-1,CSALSGDNSYEQYF,TRBJ2-7,CSAL------SGDNSYEQYF
-1,TRBV19,CASSGRSTDTQYF,TRBJ2-3,CASS-------GRSTDTQYF
-1,TRBV19,CASSIGYYGYTF,TRBJ1-2,CASS--------IGYYGYTF
-1,TRBV24-1,CATSDSQQGGPPEAFF,TRBJ1-1,CATSD----SQQGGPPEAFF
-1,TRBV7-6,CASSLGWGTDTQYF,TRBJ2-3,CASS------LGWGTDTQYF
-1,TRBV19,CASSIRSSYEQYF,TRBJ2-7,CASS-------IRSSYEQYF
-1,TRBV7-9,CASSSLDSYNEQFF,TRBJ2-1,CASS------SLDSYNEQFF
-1,TRBV6-6,CASVNPTGAKNIQYF,TRBJ2-4,CASVN-----PTGAKNIQYF
-1,TRBV13,CASSLAGGTYEQYF,TRBJ2-7,CASS------LAGGTYEQYF
-1,TRBV5-6,CASSLPGARSGANVLTF,TRBJ2-6,CASSL---PGARSGANVLTF
-1,TRBV19,CASSIRSTGELFF,TRBJ2-2,CASS-------IRSTGELFF
-1,TRBV4-3,CASSPWDRANTGELFF,TRBJ2-2,CASS----PWDRANTGELFF
-1,TRBV5-1,CASSLVQNTEAFF,TRBJ1-1,CASSL-------VQNTEAFF
-1,TRBV13,CASSPRASSGELFF,TRBJ2-2,CASS------PRASSGELFF
-1,TRBV7-2,CASSLAFESGQTTAKNIQYF,TRBJ2-4,CASSLAFESGQTTAKNIQYF
-1,TRBV7-8,CASSLAGGLAGPSYEQYF,TRBJ2-7,CASSLA--GGLAGPSYEQYF
-1,TRBV19,CASSFRSTDTQYF,TRBJ2-3,CASSF-------RSTDTQYF
-1,TRBV19,CASSISAGVGVGQETQYF,TRBJ2-5,CASSIS--AGVGVGQETQYF
-1,TRBV30,CAWSMGYLNTEAFF,TRBJ1-1,CAWS------MGYLNTEAFF
-1,TRBV6-1,CASSGGQAYEQYF,TRBJ2-7,CASS-------GGQAYEQYF
-1,TRBV19,CASSVRSTGELFF,TRBJ2-2,CASS-------VRSTGELFF
-1,TRBV20-1,CSAFSPWTADSNQPQHF,TRBJ1-5,CSAFS---PWTADSNQPQHF
-1,TRBV6-1,CASSVQADGTGGGETQYF,TRBJ2-5,CASSV--QADGTGGGETQYF
-1,TRBV7-7,CASSPLTSGGHNEQFF,TRBJ2-1,CASS----PLTSGGHNEQFF
-1,TRBV5-5,CASSPGGGMNTEAFF,TRBJ1-1,CASSP-----GGGMNTEAFF
-1,TRBV4-2,CASSQGASGRATDTQYF,TRBJ2-3,CASSQ---GASGRATDTQYF
-1,TRBV6-6,CASSYSRDYEQYF,TRBJ2-7,CASSY-------SRDYEQYF
-1,TRBV11-2,CASSLEGYTEAFF,TRBJ1-1,CASSL-------EGYTEAFF
-1,TRBV19,CASSIRSGYEQFF,TRBJ2-1,CASS-------IRSGYEQFF
-1,TRBV29-1,CSVEEHGQGPTEAFF,TRBJ1-1,CSVEE-----HGQGPTEAFF
-1,TRBV19,CASSVYSNQPQHF,TRBJ1-5,CASS-------VYSNQPQHF
-1,TRBV27,CASRTAGNEQYF,TRBJ2-7,CASR--------TAGNEQYF
-1,TRBV25-1,CASSGLTDANTEAFF,TRBJ1-1,CASS-----GLTDANTEAFF
-1,TRBV5-1,CASSGTGVSPLHF,TRBJ1-6,CASS-------GTGVSPLHF
-1,TRBV19,CASSNAPDGGGYEQYF,TRBJ2-7,CASS----NAPDGGGYEQYF
-1,TRBV29-1,CSVLQGDDGNQPQHF,TRBJ1-5,CSVLQ-----GDDGNQPQHF
-1,TRBV7-2,CASSRGQLYEQYF,TRBJ2-7,CASS-------RGQLYEQYF
-1,TRBV19,CASSNRASEKLFF,TRBJ1-4,CASS-------NRASEKLFF
-1,TRBV6-1,CASSEAGGYEQFF,TRBJ2-1,CASS-------EAGGYEQFF
-1,TRBV19,CASSIGNSPLHF,TRBJ1-6,CASS--------IGNSPLHF
-1,TRBV19,CATSYDLGGTEAFF,TRBJ1-1,CATSY------DLGGTEAFF
-1,TRBV6-5,CASSPAGAYGYTF,TRBJ1-2,CASS-------PAGAYGYTF
-1,TRBV18,CASSLTGTVYEQYF,TRBJ2-7,CASS------LTGTVYEQYF
-1,TRBV14,CASSRAGGAGELFF,TRBJ2-2,CASS------RAGGAGELFF
-1,TRBV5-5,CASIYRDTYNEQFF,TRBJ2-1,CASIY------RDTYNEQFF
-1,TRBV6-2,CASSLGTPFNEQFF,TRBJ2-1,CASS------LGTPFNEQFF
-1,TRBV6-1,CASSGNGQDLQPQHF,TRBJ1-5,CASS-----GNGQDLQPQHF
-1,TRBV7-9,CASSLDIEQYF,TRBJ2-7,CASSL---------DIEQYF
-1,TRBV6-6,CASSYTGDFEAFF,TRBJ1-1,CASSY-------TGDFEAFF
-1,TRBV7-6,CASSLSGGINEQFF,TRBJ2-1,CASS------LSGGINEQFF
-1,TRBV4-2,CASSQEIGLGIGPQHF,TRBJ1-5,CASSQ----EIGLGIGPQHF
-1,TRBV3-1,CASSQEVQGLGEQFF,TRBJ2-1,CASSQ-----EVQGLGEQFF
-1,TRBV5-4,CASSPRGGFGYTF,TRBJ1-2,CASS-------PRGGFGYTF
-1,TRBV30,CAWSVQAGHGYTF,TRBJ1-2,CAWS-------VQAGHGYTF
-1,TRBV6-2,CASSLKVDGYNEQFF,TRBJ2-1,CASSL-----KVDGYNEQFF
-1,TRBV7-9,CASSLIGVSSYNEQFF,TRBJ2-1,CASSL----IGVSSYNEQFF
-1,TRBV3-1,CASSQATGFGYNEQFF,TRBJ2-1,CASSQ----ATGFGYNEQFF
-1,TRBV27,CASSLSSPQETQYF,TRBJ2-5,CASS------LSSPQETQYF
-1,TRBV29-1,CSVGGGGAGVETQYF,TRBJ2-5,CSVG-----GGGAGVETQYF
-1,TRBV6-2,CASRRPPEGNNQPQHF,TRBJ1-5,CASR----RPPEGNNQPQHF
-1,TRBV6-1,CASREASGQSGEQFF,TRBJ2-1,CASRE-----ASGQSGEQFF
-1,TRBV7-8,CASSYLRGPQETQYF,TRBJ2-5,CASSY-----LRGPQETQYF
-1,TRBV9,CASSPGTAYEQYF,TRBJ2-7,CASS-------PGTAYEQYF
-1,TRBV4-1,CASSRGQGPGQETQYF,TRBJ2-5,CASS----RGQGPGQETQYF
-1,TRBV4-1,CASRDNMNSNQPQHF,TRBJ1-5,CASRD-----NMNSNQPQHF
-1,TRBV7-9,CASSPDILHTF,TRBJ1-2,CASS---------PDILHTF
-1,TRBV7-9,CASSFEGRTFF,TRBJ2-1,CASSF----------EGRTF
-1,TRBV19,CASSARSTDTQYF,TRBJ2-3,CASS-------ARSTDTQYF
-1,TRBV7-2,CASSFYGREAFF,TRBJ1-1,CASSF--------YGREAFF
-1,TRBV4-2,CASSQEMSTGLGEQYF,TRBJ2-7,CASSQ----EMSTGLGEQYF
-1,TRBV20-1,CSARSGTTPTYEQYF,TRBJ2-7,CSARS-----GTTPTYEQYF
-1,TRBV7-9,CASSPDIEQFF,TRBJ2-1,CASS---------PDIEQFF
-1,TRBV6-1,CASSERVTVGRGPGSYNEQFF,TRBJ2-1,CASSERTVGRGPGSYNEQFF
-1,TRBV28,CASSHDKITDTQYF,TRBJ2-3,CASS------HDKITDTQYF
-1,TRBV7-9,CASSPRERETQYF,TRBJ2-5,CASS-------PRERETQYF
-1,TRBV28,CASSPIRFATNEKLFF,TRBJ1-4,CASS----PIRFATNEKLFF
-1,TRBV10-3,CAISDGVLDEQFF,TRBJ2-1,CAIS-------DGVLDEQFF
-1,TRBV4-2,CASSQEGAGGNSETQYF,TRBJ2-5,CASSQ---EGAGGNSETQYF
-1,TRBV19,CASSIRSTGELFF,TRBJ2-2,CASS-------IRSTGELFF
-1,TRBV27,CASSPGIPNYGYTF,TRBJ1-2,CASS------PGIPNYGYTF
-1,TRBV29-1,CSAGTGSYEQYF,TRBJ2-7,CSAG--------TGSYEQYF
-1,TRBV19,CASSMRAGYEQYF,TRBJ2-7,CASS-------MRAGYEQYF
-1,TRBV20-1,CSARDPGRVTEAFF,TRBJ1-1,CSAR------DPGRVTEAFF
-1,TRBV2,CASSGEGGPWGSLQFF,TRBJ2-1,CASS----GEGGPWGSLQFF
-1,TRBV30,CAWSVDFVREANYGYTF,TRBJ1-2,CAWSV---DFVREANYGYTF
-1,TRBV12-4,CASTSGGGYYNEQFF,TRBJ2-1,CASTS-----GGGYYNEQFF
-1,TRBV20-1,CSARDRSSYEQYF,TRBJ2-7,CSAR-------DRSSYEQYF
-1,TRBV7-3,CASSSKTSRWDEQFF,TRBJ2-1,CASSS-----KTSRWDEQFF
-1,TRBV7-6,CASSEALVLEQFF,TRBJ2-1,CASS-------EALVLEQFF
-1,TRBV10-3,CAIRGLNTGELFF,TRBJ2-2,CAIR-------GLNTGELFF
-1,TRBV20-1,CSAGERNQPQHF,TRBJ1-5,CSAG--------ERNQPQHF
-1,TRBV19,CASSIQGSHYGYTF,TRBJ1-2,CASS------IQGSHYGYTF
-1,TRBV11-1,CASSSSFGRAGVDESYEQYF,TRBJ2-7,CASSSSFGRAGVDESYEQYF
-1,TRBV7-9,CASSYGNQPQHF,TRBJ1-5,CASSY--------GNQPQHF
-1,TRBV4-1,CASSSATFFEQNYGYTF,TRBJ1-2,CASSS---ATFFEQNYGYTF
-1,TRBV19,CASRPGTNTEAFF,TRBJ1-1,CASR-------PGTNTEAFF
-1,TRBV20-1,CSARSPRLSKELVF,TRBJ2-1,CSAR------SPRLSKELVF
-1,TRBV20-1,CSGSQDPYEQYF,TRBJ2-7,CSGS--------QDPYEQYF
-1,TRBV10-2,CASSPIAGGADTQYF,TRBJ2-3,CASSP-----IAGGADTQYF
-1,TRBV6-5,CASSQGGGGGAGELFF,TRBJ2-2,CASSQ----GGGGGAGELFF
-1,TRBV24-1,CATSDLEGWTQYF,TRBJ2-5,CATS-------DLEGWTQYF
-1,TRBV30,CAWSISDLAKNIQYF,TRBJ2-4,CAWSI-----SDLAKNIQYF
-1,TRBV19,CASSIYSNQPQHF,TRBJ1-5,CASS-------IYSNQPQHF
-1,TRBV19,CASSPALGDQETQYF,TRBJ2-5,CASSP-----ALGDQETQYF
-1,TRBV20-1,CSARALSGDNSPLHF,TRBJ1-6,CSARA-----LSGDNSPLHF
-1,TRBV19,CASGPHGGGNNEQFF,TRBJ2-1,CASGP-----HGGGNNEQFF
-1,TRBV10-2,CASSEQTGSYGYTF,TRBJ1-2,CASS------EQTGSYGYTF
-1,TRBV27,CASSPFSGAPYEQYF,TRBJ2-7,CASSP-----FSGAPYEQYF
-1,TRBV19,CASSIQKAGYNEQFF,TRBJ2-1,CASSI-----QKAGYNEQFF
-1,TRBV2,CASTGERGANVLTF,TRBJ2-6,CAST------GERGANVLTF
-1,TRBV28,CASSYFKGAGELFF,TRBJ2-2,CASSY------FKGAGELFF
-1,TRBV4-1,CASSQELNSNQPQHF,TRBJ1-5,CASSQ-----ELNSNQPQHF
-1,TRBV29-1,CSVLRDGSYEQYF,TRBJ2-7,CSVL-------RDGSYEQYF
-1,TRBV6-6,CASSYSGGADPEAFF,TRBJ1-1,CASSY-----SGGADPEAFF
-1,TRBV6-1,CASGSGAGIGLVETQYF,TRBJ2-5,CASGS---GAGIGLVETQYF
-1,TRBV6-6,CASTGSVSTDTQYF,TRBJ2-3,CAST------GSVSTDTQYF
-1,TRBV6-5,CASTPGSEDTQYF,TRBJ2-3,CAST-------PGSEDTQYF
-1,TRBV7-2,CASSLEVAAGGGDTQYF,TRBJ2-3,CASSL---EVAAGGGDTQYF
-1,TRBV6-5,CASSLDSSYEQYF,TRBJ2-7,CASSL-------DSSYEQYF
-1,TRBV7-2,CASSLWVQHNEQFF,TRBJ2-1,CASS------LWVQHNEQFF
-1,TRBV19,CASSQGAFGYTF,TRBJ1-2,CASS--------QGAFGYTF
-1,TRBV27,CASSLKTHYSNQPQHF,TRBJ1-5,CASSL----KTHYSNQPQHF
-1,TRBV9,CASSVGDGSPWKYF,TRBJ2-7,CASS------VGDGSPWKYF
-1,TRBV9,CASSPSGGTALTEKLFF,TRBJ1-4,CASSP---SGGTALTEKLFF
-1,TRBV6-4,CASSDGIGQGASGYTF,TRBJ1-2,CASSD----GIGQGASGYTF
-1,TRBV2,CATGGDHNTGELFF,TRBJ2-2,CATG------GDHNTGELFF
-1,TRBV6-6,CASTNRGGITYEQYF,TRBJ2-7,CASTN-----RGGITYEQYF
-1,TRBV20-1,CSARDRTSGTYEQYF,TRBJ2-7,CSARD-----RTSGTYEQYF
-1,TRBV19,CASSKFSINEQFF,TRBJ2-1,CASS-------KFSINEQFF
-1,TRBV5-1,CASSAGQGLPYEQYF,TRBJ2-7,CASSA-----GQGLPYEQYF
-1,TRBV6-1,CASRTARRPLHF,TRBJ1-6,CASR--------TARRPLHF
-1,TRBV18,CASNRENEKLFF,TRBJ1-4,CASN--------RENEKLFF
-1,TRBV11-2,CASSPEDRGAFF,TRBJ1-1,CASS--------PEDRGAFF
-1,TRBV20-1,CSAPTSGGSNEQFF,TRBJ2-1,CSAP------TSGGSNEQFF
-1,TRBV13,CASSSRQGAANEKLFF,TRBJ1-4,CASS----SRQGAANEKLFF
-1,TRBV15,CATSFTGTAYEQYF,TRBJ2-7,CATS------FTGTAYEQYF
-1,TRBV6-2,CASSRQSSYNEQFF,TRBJ2-1,CASS------RQSSYNEQFF
-1,TRBV27,CASSDRDSSYEQYF,TRBJ2-7,CASS------DRDSSYEQYF
-1,TRBV7-9,CASSFDSQLYEQYF,TRBJ2-7,CASS------FDSQLYEQYF
-1,TRBV27,CASSSLTGPSLAKNIQYF,TRBJ2-4,CASSSL--TGPSLAKNIQYF
-1,TRBV5-4,CASSLGGVSPYEQYF,TRBJ2-7,CASSL-----GGVSPYEQYF
-1,TRBV4-2,CASSQEVGPLPLHF,TRBJ1-6,CASS------QEVGPLPLHF
-1,TRBV19,CASSQGAYGYTF,TRBJ1-2,CASS--------QGAYGYTF
-1,TRBV7-9,CASSYSGNTIYF,TRBJ1-3,CASSY--------SGNTIYF
-1,TRBV10-3,CAISEVHPPGDTIYF,TRBJ1-3,CAISE-----VHPPGDTIYF
-1,TRBV27,CASSLEVGQETQYF,TRBJ2-5,CASS------LEVGQETQYF
-1,TRBV27,CASSFPGQGNTQYF,TRBJ2-3,CASS------FPGQGNTQYF
-1,TRBV19,CASSIRSSYEQYF,TRBJ2-7,CASS-------IRSSYEQYF
-1,TRBV27,CASSLDHPWGSPLHF,TRBJ1-6,CASSL-----DHPWGSPLHF
-1,TRBV19,CASSKPGTGLSGGGYTF,TRBJ1-2,CASSK---PGTGLSGGGYTF
-1,TRBV5-5,CASSSDDMRNTGELFF,TRBJ2-2,CASS----SDDMRNTGELFF
-1,TRBV6-5,CASSYSSGGPREQYF,TRBJ2-7,CASSY-----SSGGPREQYF
-1,TRBV27,CASSSDRGTDTQYF,TRBJ2-3,CASS------SDRGTDTQYF
-1,TRBV7-9,CASSLDIELFF,TRBJ1-4,CASSL---------DIELFF
-1,TRBV2,CASKAGGGVETQYF,TRBJ2-5,CASK------AGGGVETQYF
-1,TRBV20-1,CSAGKTGWKETQYF,TRBJ2-5,CSAG------KTGWKETQYF
-1,TRBV20-1,CSAAGDRGADTQYF,TRBJ2-3,CSAA------GDRGADTQYF
-1,TRBV2,CASSERTGINTEAFF,TRBJ1-1,CASSE-----RTGINTEAFF
-1,TRBV5-1,CASSLVTGAEAFF,TRBJ1-1,CASSL-------VTGAEAFF
-1,TRBV7-9,CASSLREGPYPETQYF,TRBJ2-5,CASSL----REGPYPETQYF
-1,TRBV10-3,CAISESSSGNNEQFF,TRBJ2-1,CAISE-----SSSGNNEQFF
-1,TRBV3-1,CASSLQEKLFF,TRBJ1-4,CASSL---------QEKLFF
-1,TRBV7-3,CASSQNSGRTYNEQFF,TRBJ2-1,CASSQ----NSGRTYNEQFF
-1,TRBV24-1,CATSASGQDLWAGANVLTF,TRBJ2-6,CATSAS-GQDLWAGANVLTF
-1,TRBV6-5,CASSYSIYGDGYTF,TRBJ1-2,CASSY------SIYGDGYTF
-1,TRBV9,CASSPRDRVNTGELFF,TRBJ2-2,CASS----PRDRVNTGELFF
-1,TRBV2,CATQSDPNTGELFF,TRBJ2-2,CATQ------SDPNTGELFF
-1,TRBV7-9,CASSLGRGGAEQYF,TRBJ2-7,CASS------LGRGGAEQYF
-1,TRBV6-5,CASSLSGASNTEAFF,TRBJ1-1,CASSL-----SGASNTEAFF
-1,TRBV10-3,CAISDSTIGNTEAFF,TRBJ1-1,CAISD-----STIGNTEAFF
-1,TRBV19,CASSIAPSGVAYEQYF,TRBJ2-7,CASS----IAPSGVAYEQYF
-1,TRBV19,CASSMRSAGELFF,TRBJ2-2,CASS-------MRSAGELFF
-1,TRBV13,CASSPEVGSTIYF,TRBJ1-3,CASS-------PEVGSTIYF
-1,TRBV19,CASSIRSTDTQYF,TRBJ2-3,CASS-------IRSTDTQYF
-1,TRBV27,CASSLYIQGGEQYF,TRBJ2-7,CASS------LYIQGGEQYF
-1,TRBV4-2,CASSPIGGGDYNEQFF,TRBJ2-1,CASS----PIGGGDYNEQFF
-1,TRBV6-1,CASSETGTQAYEQYF,TRBJ2-7,CASSE-----TGTQAYEQYF
-1,TRBV5-1,CASSLGQEVNYGYTF,TRBJ1-2,CASSL-----GQEVNYGYTF
-1,TRBV7-9,CASSQDIYAFF,TRBJ1-1,CASSQ---------DIYAFF
-1,TRBV19,CASSTSGANQPQHF,TRBJ1-5,CASS------TSGANQPQHF
-1,TRBV6-1,CATTEQGSLIEQYF,TRBJ2-7,CATT------EQGSLIEQYF
-1,TRBV4-1,CASSQDRVGIQPQHF,TRBJ1-5,CASSQ-----DRVGIQPQHF
-1,TRBV11-2,CASSLTLRGGAGELFF,TRBJ2-2,CASSL----TLRGGAGELFF
-1,TRBV6-5,CASSWEARFSGANVLTF,TRBJ2-6,CASSW---EARFSGANVLTF
-1,TRBV9,CASSVGRGPATEAFF,TRBJ1-1,CASSV-----GRGPATEAFF
-1,TRBV19,CASSIRSSYEQYF,TRBJ2-7,CASS-------IRSSYEQYF
-1,TRBV5-4,CASSLVPGETQYF,TRBJ2-5,CASSL-------VPGETQYF
-1,TRBV27,CASSLGGTGWTEAFF,TRBJ1-1,CASSL-----GGTGWTEAFF
-1,TRBV2,CAQGGWETGELFF,TRBJ2-2,CAQG-------GWETGELFF
-1,TRBV3-1,CASSQDAGLYNEQFF,TRBJ2-1,CASSQ-----DAGLYNEQFF
-1,TRBV12-3,CASSLGSTGNIQYF,TRBJ2-4,CASS------LGSTGNIQYF
-1,TRBV5-6,CASSLSGIRLSGNTIYF,TRBJ1-3,CASSL---SGIRLSGNTIYF
-1,TRBV6-1,CASSEVGHSYEQYF,TRBJ2-7,CASS------EVGHSYEQYF
-1,TRBV19,CASSGLSNQPQHF,TRBJ1-5,CASS-------GLSNQPQHF
-1,TRBV20-1,CSAGTGYTNYGYTF,TRBJ1-2,CSAG------TGYTNYGYTF
-1,TRBV25-1,CASSRLESLGNTIYF,TRBJ1-3,CASSR-----LESLGNTIYF
-1,TRBV28,CASTSGGTYNEQFF,TRBJ2-1,CAST------SGGTYNEQFF
-1,TRBV6-2,CASSQAGVPDTQYF,TRBJ2-3,CASS------QAGVPDTQYF
-1,TRBV5-1,CASSLAGAGELFF,TRBJ2-2,CASSL-------AGAGELFF
-1,TRBV19,CASSSRSTDTQYF,TRBJ2-3,CASS-------SRSTDTQYF
-1,TRBV10-3,CAISEGYPDTQYF,TRBJ2-3,CAIS-------EGYPDTQYF
-1,TRBV19,CASSIRSSYEQYF,TRBJ2-7,CASS-------IRSSYEQYF
-1,TRBV4-1,CASADREYNEQFF,TRBJ2-1,CASA-------DREYNEQFF
-1,TRBV19,CASMDLNTGELFF,TRBJ2-2,CASM-------DLNTGELFF
-1,TRBV2,CASSDRGGKNIQYF,TRBJ2-4,CASS------DRGGKNIQYF
-1,TRBV5-4,CASSLLGEPGEAFF,TRBJ1-1,CASS------LLGEPGEAFF
-1,TRBV5-1,CASSQGLAGEVYTGELFF,TRBJ2-2,CASSQ--GLAGEVYTGELFF
-1,TRBV6-5,CATKDGTLVGANVLTF,TRBJ2-6,CATKD----GTLVGANVLTF
-1,TRBV7-9,CASSHSGGSGGQPQHF,TRBJ1-5,CASS----HSGGSGGQPQHF
-1,TRBV6-2,CASSTNIRASHTSNTGELFF,TRBJ2-2,CASSTNIRASHTSNTGELFF
-1,TRBV12-3,CASSVVERAFF,TRBJ1-1,CASS---------VVERAFF
-1,TRBV9,CASSGQGGGTGELFF,TRBJ2-2,CASS-----GQGGGTGELFF
-1,TRBV30,CAWRIDTTYEQYF,TRBJ2-7,CAWR-------IDTTYEQYF
-1,TRBV6-6,CASSNGQNAYEQYF,TRBJ2-7,CASS------NGQNAYEQYF
-1,TRBV6-6,CASSPTGTGLNIQYF,TRBJ2-4,CASSP-----TGTGLNIQYF
-1,TRBV9,CASSVEDAYTGMGYNEQFF,TRBJ2-1,CASSVE-DAYTGMGYNEQFF
-1,TRBV11-1,CASSSANYGYTF,TRBJ1-2,CASS--------SANYGYTF
-1,TRBV15,CATGAASSYEQYF,TRBJ2-7,CATG-------AASSYEQYF
-1,TRBV5-1,CASSLAGGPATEQYF,TRBJ2-7,CASSL-----AGGPATEQYF
-1,TRBV27,CASSFQNQPQHF,TRBJ1-5,CASSF--------QNQPQHF
-1,TRBV12-3,CASSYPGQQETQYF,TRBJ2-5,CASSY------PGQQETQYF
-1,TRBV19,CASTPWAQAGELFF,TRBJ2-2,CAST------PWAQAGELFF
-1,TRBV27,CASSLVPGHNEQFF,TRBJ2-1,CASS------LVPGHNEQFF
-1,TRBV7-9,CASSLEAGGFFEQYF,TRBJ2-7,CASSL-----EAGGFFEQYF
-1,TRBV7-9,CASSSGLAYNEQFF,TRBJ2-1,CASS------SGLAYNEQFF
-1,TRBV7-9,CASSASSETQYF,TRBJ2-5,CASS--------ASSETQYF
-1,TRBV9,CASSEENTGELFF,TRBJ2-2,CASS-------EENTGELFF
-1,TRBV27,CASKERGYYNEQFF,TRBJ2-1,CASK------ERGYYNEQFF
-1,TRBV6-5,CASSYSGHVNTEAFF,TRBJ1-1,CASSY-----SGHVNTEAFF
-1,TRBV5-8,CASGFPGAGQPQHF,TRBJ1-5,CASG------FPGAGQPQHF
-1,TRBV28,CASSFQGFTEAFF,TRBJ1-1,CASSF-------QGFTEAFF
-1,TRBV19,CASSPRSTDTQYF,TRBJ2-3,CASS-------PRSTDTQYF
-1,TRBV27,CASSSGTVYGYTF,TRBJ1-2,CASS-------SGTVYGYTF
-1,TRBV19,CASSTRSTDTQYF,TRBJ2-3,CASS-------TRSTDTQYF
-1,TRBV5-5,CASSLEQGLPHAQYF,TRBJ2-7,CASSL-----EQGLPHAQYF
-1,TRBV19,CASSLLAGPYNEQFF,TRBJ2-1,CASSL-----LAGPYNEQFF
-1,TRBV29-1,CSVHQGWPYEQYF,TRBJ2-7,CSVHQ-------GWPYEQYF
-1,TRBV3-1,CASSQVEETQYF,TRBJ2-5,CASS--------QVEETQYF
-1,TRBV19,CASSILAGANTGELFF,TRBJ2-2,CASS----ILAGANTGELFF
-1,TRBV9,CASSPSGREETQYF,TRBJ2-5,CASS------PSGREETQYF
-1,TRBV7-9,CASSWSALAGGPGEQFF,TRBJ2-1,CASSW---SALAGGPGEQFF
-1,TRBV4-1,CASSQDQGQGNYEQYF,TRBJ2-7,CASSQ----DQGQGNYEQYF
-1,TRBV6-1,CASSELEAYGYTF,TRBJ1-2,CASS-------ELEAYGYTF
-1,TRBV4-1,CASSQAENTEAFF,TRBJ1-1,CASSQ-------AENTEAFF
-1,TRBV9,CASSVVGYLGYTF,TRBJ1-2,CASS-------VVGYLGYTF
-1,TRBV4-2,CASSQTYPGAYNEQFF,TRBJ2-1,CASSQ----TYPGAYNEQFF
-1,TRBV30,CAWSISDLAKNIQYF,TRBJ2-4,CAWSI-----SDLAKNIQYF
-1,TRBV6-5,CASSNAQGHGYTF,TRBJ1-2,CASS-------NAQGHGYTF
-1,TRBV7-9,CASSSGQGVDAFF,TRBJ1-1,CASS-------SGQGVDAFF
-1,TRBV14,CASSQGQGPPYEQYF,TRBJ2-7,CASSQ-----GQGPPYEQYF
-1,TRBV12-3,CASSPASGSLFF,TRBJ2-1,CASS--------PASGSLFF
-1,TRBV13,CASSLAGGAYNEQFF,TRBJ2-1,CASSL-----AGGAYNEQFF
-1,TRBV28,CASSLIQGSYEQYF,TRBJ2-7,CASS------LIQGSYEQYF
-1,TRBV6-1,CASSPGQGASGELFF,TRBJ2-2,CASSP-----GQGASGELFF
-1,TRBV2,CASSEGTGELYEQYF,TRBJ2-7,CASSE-----GTGELYEQYF
-1,TRBV9,CASSVEPGWDEQYF,TRBJ2-7,CASS------VEPGWDEQYF
-1,TRBV9,CASSPQGGGTGELFF,TRBJ2-2,CASSP-----QGGGTGELFF
-1,TRBV20-1,CSAGLTSRATDTQYF,TRBJ2-3,CSAGL-----TSRATDTQYF
-1,TRBV2,CASSEARQGLDTEAFF,TRBJ1-1,CASSE----ARQGLDTEAFF
-1,TRBV9,CASRSHDSSTDTQYF,TRBJ2-3,CASRS-----HDSSTDTQYF
-1,TRBV7-9,CASSSGNSYEQYF,TRBJ2-7,CASS-------SGNSYEQYF
-1,TRBV28,CASTWGTDYNEQFF,TRBJ2-1,CAST------WGTDYNEQFF
-1,TRBV5-4,CASSPRTSGGYQEPQYF,TRBJ2-5,CASSP---RTSGGYQEPQYF
-1,TRBV14,CASSRLAGGNTGELFF,TRBJ2-2,CASS----RLAGGNTGELFF
-1,TRBV4-3,CASSQERGGKWAYEQYF,TRBJ2-7,CASSQ---ERGGKWAYEQYF
-1,TRBV10-3,CAISEYPPTGRKADTQYF,TRBJ2-3,CAISEY--PPTGRKADTQYF
-1,TRBV6-2,CASSYLGFTGELFF,TRBJ2-2,CASSY------LGFTGELFF
-1,TRBV7-9,CASSLDRGPGYTF,TRBJ1-2,CASSL-------DRGPGYTF
-1,TRBV19,CASQENGEIDTQYF,TRBJ2-3,CASQ------ENGEIDTQYF
-1,TRBV7-3,CASSLIGNTGELFF,TRBJ2-2,CASS------LIGNTGELFF
-1,TRBV19,CASSIGSYGYTF,TRBJ1-2,CASS--------IGSYGYTF
-1,TRBV6-5,CASSFQTGASYGYTF,TRBJ1-2,CASSF-----QTGASYGYTF
-1,TRBV5-1,CASSLAGGNYEQYF,TRBJ2-7,CASS------LAGGNYEQYF
-1,TRBV9,CASSVAAAGGPDNEQFF,TRBJ2-1,CASSV---AAAGGPDNEQFF
-1,TRBV6-1,CASSLVGADTQYF,TRBJ2-3,CASSL-------VGADTQYF
-1,TRBV27,CASRTGTGNLYEQYF,TRBJ2-7,CASR-----TGTGNLYEQYF
-1,TRBV19,CASSIRSTYEQYF,TRBJ2-7,CASS-------IRSTYEQYF
-1,TRBV20-1,CSARDRGDEKLFF,TRBJ1-4,CSAR-------DRGDEKLFF
-1,TRBV10-3,CAISEVLTGAYGYTF,TRBJ1-2,CAISE-----VLTGAYGYTF
-1,TRBV27,CASSLGPSGNTIYF,TRBJ1-3,CASS------LGPSGNTIYF
-1,TRBV30,CASRGTGTREQYF,TRBJ2-7,CASR-------GTGTREQYF
-1,TRBV19,CASSIRSSNEQFF,TRBJ2-1,CASS-------IRSSNEQFF
-1,TRBV27,CASSLQTGTTMTQETQYF,TRBJ2-5,CASSL--QTGTTMTQETQYF
-1,TRBV9,CASSAGDSDGYTF,TRBJ1-2,CASS-------AGDSDGYTF
-1,TRBV19,CASSMRSTDTQYF,TRBJ2-3,CASS-------MRSTDTQYF
-1,TRBV2,CASSLNRELFF,TRBJ2-2,CASSL---------NRELFF
-1,TRBV7-8,CASSLTGSSYEQYF,TRBJ2-7,CASS------LTGSSYEQYF
-1,TRBV29-1,CSVHQGFPYEQYF,TRBJ2-7,CSVHQ-------GFPYEQYF
-1,TRBV3-1,CASSPILGTSGSAYNEQFF,TRBJ2-1,CASSPI-LGTSGSAYNEQFF
-1,TRBV29-1,CSAGTGSYEQYF,TRBJ2-7,CSAG--------TGSYEQYF
-1,TRBV27,CASSLGSGLQETQYF,TRBJ2-5,CASSL-----GSGLQETQYF
-1,TRBV19,CASSIRSTDTQYF,TRBJ2-3,CASS-------IRSTDTQYF
-1,TRBV9,CASSPSGAGGGDEQFF,TRBJ2-1,CASS----PSGAGGGDEQFF
-1,TRBV3-1,CASSQDRGVSSTDTQYF,TRBJ2-3,CASSQ---DRGVSSTDTQYF
-1,TRBV7-9,CASSPDIEAFF,TRBJ1-1,CASS---------PDIEAFF
-1,TRBV3-1,CASSQRVGLAGKETQYF,TRBJ2-5,CASSQ---RVGLAGKETQYF
-1,TRBV12-5,CASVHESYNEQFF,TRBJ2-1,CASV-------HESYNEQFF
-1,TRBV6-6,CASSKQGESNSPLHF,TRBJ1-6,CASSK-----QGESNSPLHF
-1,TRBV7-2,CASSEGITSNQPQHF,TRBJ1-5,CASSE-----GITSNQPQHF
-1,TRBV12-4,CASSSAYYGYTF,TRBJ1-2,CASS--------SAYYGYTF
-1,TRBV4-2,CASSQEGGTEQFF,TRBJ2-1,CASSQ-------EGGTEQFF
-1,TRBV19,CASSIRSAYEQYF,TRBJ2-7,CASS-------IRSAYEQYF
-1,TRBV10-1,CASSEGQGRTYEQYF,TRBJ2-7,CASSE-----GQGRTYEQYF
-1,TRBV12-4,CASKQGWSNQPQHF,TRBJ1-5,CASK------QGWSNQPQHF
-1,TRBV5-1,CASSLGQSLEQYF,TRBJ2-7,CASSL-------GQSLEQYF
-1,TRBV7-9,CASRGELTSDEQYF,TRBJ2-7,CASR------GELTSDEQYF
-1,TRBV10-3,CAIRRLGQVSYEQYF,TRBJ2-7,CAIRR-----LGQVSYEQYF
-1,TRBV15,CATSRVGQANGYTF,TRBJ1-2,CATS------RVGQANGYTF
-1,TRBV7-9,CATTSNPNNSPLHF,TRBJ1-6,CATT------SNPNNSPLHF
-1,TRBV2,CASTDPGGAPLNEQFF,TRBJ2-1,CASTD----PGGAPLNEQFF
-1,TRBV30,CAWGLAGGPIEQFF,TRBJ2-1,CAWG------LAGGPIEQFF
-1,TRBV2,CASSAGGSNEKLFF,TRBJ1-4,CASS------AGGSNEKLFF
-1,TRBV19,CASSLRSTDTQYF,TRBJ2-3,CASSL-------RSTDTQYF
-1,TRBV2,CASGESGTTDTQYF,TRBJ2-3,CASG------ESGTTDTQYF
-1,TRBV7-8,CASSLGATWTSNTEAFF,TRBJ1-1,CASSL---GATWTSNTEAFF
-1,TRBV2,CASRTPGTSGGSYEQYF,TRBJ2-7,CASRT---PGTSGGSYEQYF
-1,TRBV12-3,CASSYPGQQETQYF,TRBJ2-5,CASSY------PGQQETQYF
-1,TRBV4-1,CASSQEGGLEDEQFF,TRBJ2-1,CASSQ-----EGGLEDEQFF
-1,TRBV20-1,CSARGGAGTEAFF,TRBJ1-1,CSAR-------GGAGTEAFF
-1,TRBV27,CASSPGTGAYEQYF,TRBJ2-7,CASS------PGTGAYEQYF
-1,TRBV19,CASSIVAGAGAGELFF,TRBJ2-2,CASS----IVAGAGAGELFF
-1,TRBV2,CASILTGESRDEQFF,TRBJ2-1,CASIL-----TGESRDEQFF
-1,TRBV24-1,CATLSGGLTDTQYF,TRBJ2-3,CATL------SGGLTDTQYF
-1,TRBV7-9,CASTPYRRGPHLYGYTF,TRBJ1-2,CASTP---YRRGPHLYGYTF
-1,TRBV6-5,CASSYPGRYNEQFF,TRBJ2-1,CASSY------PGRYNEQFF
-1,TRBV27,CASRSRGPLYGNEQFF,TRBJ2-1,CASR----SRGPLYGNEQFF
-1,TRBV4-3,CASSQEPAGTSGGGDTQYF,TRBJ2-3,CASSQE-PAGTSGGGDTQYF
-1,TRBV28,CASSSLDRLYGYTF,TRBJ1-2,CASS------SLDRLYGYTF
-1,TRBV20-1,CSAAGTAYYGYTF,TRBJ1-2,CSAA-------GTAYYGYTF
-1,TRBV15,CATGRGGMIGEQYF,TRBJ2-7,CATG------RGGMIGEQYF
-1,TRBV11-3,CASSSYSAAGADTQYF,TRBJ2-3,CASS----SYSAAGADTQYF
-1,TRBV29-1,CSVEDREAYGYTF,TRBJ1-2,CSVE-------DREAYGYTF
