Label,TRAV_gene,CDR3_alpha,TRAJ_gene,ali_seq
1,TRAV5,CAEDNNARLMF,TRAJ31,CAED--------NNARLMF
1,TRAV5,CAESTSGGKLIF,TRAJ37,CAES-------TSGGKLIF
1,TRAV5,CAEDNNARLMF,TRAJ31,CAED--------NNARLMF
1,TRAV17,CATDGLSNFGNEKLTF,TRAJ48,CATD---GLSNFGNEKLTF
1,TRAV12-2,CAVNIDNMDSNYQLIW,TRAJ33,CAVN----DNMDSNYQLIW
1,TRAV5,CADDNNARLMF,TRAJ31,CADD--------NNARLMF
1,TRAV8-3,CAPRGGSGGGADGLTF,TRAJ45,CAPR---GGSGGGADGLTF
1,TRAV10,CVVSDEYGNKLVF,TRAJ47,CVVS------DEYGNKLVF
1,TRAV8-3,CAVGASRDYKLSF,TRAJ20,CAVG------ASRDYKLSF
1,TRAV14,CAMREQEDSNYQLIW,TRAJ33,CAMRE-----EDSNYQLIW
1,TRAV5,CAVPPEGGYNKLIF,TRAJ4,CAVP-----PEGGYNKLIF
1,TRAV21,CAVISNSGYALNF,TRAJ41,CAVI------SNSGYALNF
1,TRAV8-3,CADPIEDAGNMLTF,TRAJ39,CADP-----IEDAGNMLTF
1,TRAV5,CAESDNNAGNMLTF,TRAJ39,CAES-----DNNAGNMLTF
1,TRAV5,CAENRCSTLTF,TRAJ11,CAEN--------RCSTLTF
1,TRAV5,CAEDNNARLMF,TRAJ31,CAED--------NNARLMF
1,TRAV12-1,CVVNGMDSSYKLIF,TRAJ12,CVVN-----GMDSSYKLIF
1,TRAV5,CAVPAEGGYNKLIF,TRAJ4,CAVP-----AEGGYNKLIF
1,TRAV5,CAEIASGTYKYIF,TRAJ40,CAEI------ASGTYKYIF
1,TRAV5,CAADSNARFMF,TRAJ31,CAAD----------SNARF
1,TRAV5,CAEDNNARLMF,TRAJ31,CAED--------NNARLMF
1,TRAV12-1,CVVNGKDSSYKLIF,TRAJ12,CVVN-----GKDSSYKLIF
1,TRAV5,CAESIGKLIF,TRAJ23,CAES---------IGKLIF
1,TRAV10,CVVYMEYGNKLVF,TRAJ47,CVVY------MEYGNKLVF
1,TRAV5,CAEYSSAFKIIF,TRAJ3,CAEY-------SSAFKIIF
1,TRAV30,CGTEISDDYKLSF,TRAJ20,CGTE------ISDDYKLSF
1,TRAV5,CAEDNNARLMF,TRAJ31,CAED--------NNARLMF
1,TRAV5,CAESTGKLIF,TRAJ37,CAES---------TGKLIF
1,TRAV17,CATDADSGNTPLVF,TRAJ29,CATD-----ADSGNTPLVF
1,TRAV5,CAVPVEGGYNKLIF,TRAJ4,CAVP-----VEGGYNKLIF
1,TRAV9-2,CASYNTDKLIF,TRAJ34,CASY--------NTDKLIF
1,TRAV5,CAEDANARLMF,TRAJ31,CAED--------ANARLMF
1,TRAV5,CAERTGYALNF,TRAJ41,CAER--------TGYALNF
1,TRAV5,CAESTGKLIF,TRAJ37,CAES---------TGKLIF
1,TRAV5,CAENQINNDMRF,TRAJ43,CAENQ--------NNDMRF
1,TRAV8-1,CAVIPINDYKLSF,TRAJ20,CAVI------PINDYKLSF
1,TRAV19,CALSLSGYSTLTF,TRAJ11,CALSL------SGYSTLTF
1,TRAV5,CAESLDMLTF,TRAJ39,CAESL---------DMLTF
1,TRAV5,CAEDNNTRLMF,TRAJ31,CAED--------NNTRLMF
1,TRAV29,CAASGGSQGNLIF,TRAJ42,CAAS------GGSQGNLIF
1,TRAV5,CAELGNDMRF,TRAJ43,CAELG----------DMRF
1,TRAV5,CAEKGGTALIF,TRAJ15,CAEK--------GGTALIF
1,TRAV5,CAEDNNARLMF,TRAJ31,CAED--------NNARLMF
1,TRAV29,CAARFDSGYALNF,TRAJ41,CAARF------DSGYALNF
1,TRAV5,CAEDFNARLMF,TRAJ31,CAED--------------F
1,TRAV22,CAVGEDSSYKLIF,TRAJ12,CAVG------EDSSYKLIF
1,TRAV12-3,CATSPPLTQGGSEKLVF,TRAJ57,CATSP--PLTQGGSEKLVF
1,TRAV16,CALRCFGNEKLTF,TRAJ48,CALR------CFGNEKLTF
1,TRAV4,CLVGGSYNTNAGKSTF,TRAJ27,CLVG---GSYNTNAGKSTF
1,TRAV5,CAHDNNARLMF,TRAJ31,CAHD--------NNARLMF
1,TRAV12-2,CSVNIDTMDSNYQLIW,TRAJ33,CSVN----DTMDSNYQLIW
1,TRAV5,CAESTGKLIF,TRAJ37,CAES---------TGKLIF
1,TRAV10,CVVFKAAGNKLTF,TRAJ17,CVVF------KAAGNKLTF
1,TRAV5,CAEDANARLMF,TRAJ31,CAED--------ANARLMF
1,TRAV5,CAESIGKLIF,TRAJ23,CAES---------IGKLIF
1,TRAV26-2,CILGMDSSYKLIF,TRAJ12,CILG------MDSSYKLIF
1,TRAV5,CAADSNARLMF,TRAJ31,CAAD--------SNARLMF
1,TRAV41,CAVDDLYSNYQLIW,TRAJ33,CAVDD------YSNYQLIW
1,TRAV16,CALSSNQAGTALIF,TRAJ15,CALS-----SNQAGTALIF
1,TRAV12-1,CVVNGKDSSYKLIF,TRAJ12,CVVN-----GKDSSYKLIF
1,TRAV12-1,CVVNMEGRYDMHF,TRAJ43,CVVN------MEGRYDMHF
1,TRAV12-1,CVVNSPNDYKLSF,TRAJ20,CVVN------SPNDYKLSF
1,TRAV5,CAEDQNARLMF,TRAJ31,CAEDQ---------ARLMF
1,TRAV5,CADGSGTTDSWGKLQF,TRAJ24,CADG---SGTTDSWGKLQF
1,TRAV5,CAESGANNLFF,TRAJ36,CAES--------GANNLFF
1,TRAV5,CAEKAGQAGTALIF,TRAJ15,CAEK-----AGQAGTALIF
1,TRAV12-1,CVVNEPDDYKLSF,TRAJ20,CVVN------EPDDYKLSF
1,TRAV16,CALRCFGNEKLTF,TRAJ48,CALR------CFGNEKLTF
1,TRAV5,CAEIRAGNMLTF,TRAJ39,CAEI-------RAGNMLTF
1,TRAV5,CAEDKDARLMF,TRAJ31,CAED---------DARLMF
1,TRAV5,CAESSRGKLIF,TRAJ37,CAES--------SRGKLIF
1,TRAV5,CAESTPGGKLIF,TRAJ37,CAES-------TPGGKLIF
1,TRAV29,CAVLRGGADGLTF,TRAJ45,CAVL------RGGADGLTF
1,TRAV29,CAARGDTGKLIF,TRAJ37,CAAR-------GDTGKLIF
1,TRAV23,CAASMKDSGAGSYQLTF,TRAJ28,CAASM--KDSGAGSYQLTF
1,TRAV5,CAEDNNARLMF,TRAJ31,CAED--------NNARLMF
1,TRAV27,CAGQFLNDYKLSF,TRAJ20,CAGQF------LNDYKLSF
1,TRAV5,CAESPSSGNTPLVF,TRAJ29,CAES-----PSSGNTPLVF
1,TRAV5,CAEDKDSTLTF,TRAJ11,CAED--------KDSTLTF
1,TRAV5,CASDNNARLMF,TRAJ31,CASD--------NNARLMF
1,TRAV17,CATDGLSNFGNEKLTF,TRAJ48,CATD---GLSNFGNEKLTF
1,TRAV29,CAASDGAGGTSYGKLTF,TRAJ52,CAASD--GAGGTSYGKLTF
1,TRAV5,CAESVGKLIF,TRAJ23,CAES---------VGKLIF
1,TRAV5,CAHDNNARLMF,TRAJ31,CAHD--------NNARLMF
1,TRAV5,CAEDTGRRALTF,TRAJ5,CAED-------TGRRALTF
1,TRAV6,CALPMNRDDKIIF,TRAJ30,CALP------MNRDDKIIF
1,TRAV5,CAESTSWGKLQF,TRAJ24,CAES-------TSWGKLQF
1,TRAV5,CAEDNNARLMF,TRAJ31,CAED--------NNARLMF
1,TRAV5,CAEDNNARLMF,TRAJ31,CAED--------NNARLMF
1,TRAV5,CAEDNNARLMF,TRAJ31,CAED--------NNARLMF
1,TRAV9-2,CALYNTDKLIF,TRAJ34,CALY--------NTDKLIF
1,TRAV12-1,CVVNTPNDYKLSF,TRAJ20,CVVN------TPNDYKLSF
1,TRAV41,CAVDDLYSNYQLIW,TRAJ33,CAVDD------YSNYQLIW
1,TRAV5,CAESISGGKLIF,TRAJ23,CAES-------ISGGKLIF
1,TRAV1-1,CAVRCFGNEKLTF,TRAJ48,CAVR------CFGNEKLTF
1,TRAV12-1,CVVNIPNDYKLSF,TRAJ20,CVVN------IPNDYKLSF
1,TRAV5,CAESTCWGKLQF,TRAJ24,CAES-------TCWGKLQF
1,TRAV5,CADDSNARLMF,TRAJ31,CADD--------SNARLMF
1,TRAV5,CAESIGKLIF,TRAJ34,CAES---------IGKLIF
1,TRAV21,CALYSNSGYALNF,TRAJ41,CALY------SNSGYALNF
1,TRAV14,CAMREVMDSNYQLIW,TRAJ33,CAMRE-----MDSNYQLIW
1,TRAV5,CAEDDNARLMF,TRAJ31,CAED--------DNARLMF
1,TRAV5,CAEDNNARLMF,TRAJ31,CAED--------NNARLMF
1,TRAV5,CAEKGGTALIF,TRAJ15,CAEK--------GGTALIF
1,TRAV16,CALRCFGNEKLTF,TRAJ48,CALR------CFGNEKLTF
1,TRAV12-2,CAVNTPNDYKLSF,TRAJ20,CAVN------TPNDYKLSF
1,TRAV30,CGTERPNDYKLSF,TRAJ20,CGTE------RPNDYKLSF
1,TRAV5,CAEYSSASKIIF,TRAJ3,CAEY-------SSASKIIF
1,TRAV29,CASGGSQGNLIF,TRAJ42,CASG-------GSQGNLIF
1,TRAV5,CAEDNNPRLMF,TRAJ31,CAED--------NNPRLMF
1,TRAV5,CAEKGGTALIF,TRAJ15,CAEK--------GGTALIF
1,TRAV19,CALNPTGGGNKLTF,TRAJ10,CALN-----PTGGGNKLTF
1,TRAV14,CAMREVMDSNYQLIW,TRAJ33,CAMRE-----MDSNYQLIW
1,TRAV29,CAARFDSGYALNF,TRAJ41,CAARF------DSGYALNF
1,TRAV22,CAVEHNTDKLIF,TRAJ34,CAVE-------HNTDKLIF
1,TRAV5,CAEDNNARLMF,TRAJ31,CAED--------NNARLMF
1,TRAV12-1,CVVNTANDYKLSF,TRAJ20,CVVN------TANDYKLSF
1,TRAV12-1,CVVNIPNDYKLSF,TRAJ20,CVVN------IPNDYKLSF
1,TRAV12-1,CVVNGRDSSYKLIF,TRAJ12,CVVN-----GRDSSYKLIF
1,TRAV22,CAVGEDSSYKLIF,TRAJ12,CAVG------EDSSYKLIF
1,TRAV5,CAEREETGRRALTF,TRAJ5,CAER-----EETGRRALTF
1,TRAV5,CAELGNDMRF,TRAJ43,CAELG----------DMRF
1,TRAV5,CAEDNYGQNFVF,TRAJ26,CAED---------NYGQNF
1,TRAV12-3,CAMSSAGGTSYGKLTF,TRAJ52,CAMS---SAGGTSYGKLTF
1,TRAV13-2,CAEDNNARLMF,TRAJ31,CAED--------NNARLMF
1,TRAV17,CATDVGSGNTPLVF,TRAJ29,CATD-----VGSGNTPLVF
1,TRAV21,CAVYSNSGYALNF,TRAJ41,CAVY------SNSGYALNF
1,TRAV23,CAAGYSSASKIIF,TRAJ3,CAAGY------SSASKIIF
1,TRAV5,CAEDAGNMLTF,TRAJ39,CAED--------AGNMLTF
1,TRAV12-2,CAVNIDTMDSNYQLIW,TRAJ33,CAVN----DTMDSNYQLIW
1,TRAV5,CAEHGSGNTGKLIF,TRAJ37,CAEH-----GSGNTGKLIF
1,TRAV12-1,CVVNGMDSSYKLIF,TRAJ12,CVVN-----GMDSSYKLIF
1,TRAV5,CAENLYSTLTF,TRAJ11,CAENL--------YSTLTF
1,TRAV2,CAVEVLSGSARQLTF,TRAJ22,CAVEV----LSGSARQLTF
1,TRAV22,CAAFKAAGNKLTF,TRAJ17,CAAF------KAAGNKLTF
1,TRAV5,CAELGNDMRF,TRAJ43,CAELG----------DMRF
1,TRAV12-1,CVVNGMDSSYKLIF,TRAJ12,CVVN-----GMDSSYKLIF
1,TRAV5,CAEDSNARLMF,TRAJ31,CAED--------SNARLMF
1,TRAV21,CAVYSNSGYALNF,TRAJ41,CAVY------SNSGYALNF
1,TRAV12-1,CVVNGMDSSYKLIF,TRAJ12,CVVN-----GMDSSYKLIF
1,TRAV5,CAEDNNARLMF,TRAJ31,CAED--------NNARLMF
1,TRAV12-1,CVVNGKDSSYKLIF,TRAJ12,CVVN-----GKDSSYKLIF
1,TRAV5,CAEDNNARLMF,TRAJ31,CAED--------NNARLMF
1,TRAV5,CAEDDNARLMF,TRAJ31,CAED--------DNARLMF
1,TRAV8-3,CAVGRSNDYKLSF,TRAJ20,CAVG------RSNDYKLSF
1,TRAV5,CAEDRNARLMF,TRAJ31,CAED--------RNARLMF
-1,TRAV12-2,CAVYEGSQGNLIF,TRAJ42,CAVY------EGSQGNLIF
-1,TRAV14,CAMREATNTGKLIF,TRAJ37,CAMR-----EATNTGKLIF
-1,TRAV12-2,CAVNSRGFKTIF,TRAJ9,CAVN-------SRGFKTIF
-1,TRAV19,CALSEDGTGGFKTIF,TRAJ9,CALSE----DGTGGFKTIF
-1,TRAV17,CATDGGGDSNYQLIW,TRAJ33,CATD----GGGDSNYQLIW
-1,TRAV13-2,CAENMGGGSQGNLIF,TRAJ42,CAENM----GGGSQGNLIF
-1,TRAV23,CAASMPSYNQGGKLIF,TRAJ23,CAAS---MPSYNQGGKLIF
-1,TRAV27,CAGAGSQGNLIF,TRAJ42,CAGA-------GSQGNLIF
-1,TRAV3,CAVRPFLLSGGYNKLIF,TRAJ4,CAVRP--FLLSGGYNKLIF
-1,TRAV38-2,CAYRFNNNDMRF,TRAJ43,CAYR--------------F
-1,TRAV12-2,CAVPLGGGSQGNLIF,TRAJ42,CAVPL----GGGSQGNLIF
-1,TRAV21,CAVFNTGGFKTIF,TRAJ9,CAVF----------NTGGF
-1,TRAV12-1,CVVVRMDSSYKLIF,TRAJ12,CVVV-----RMDSSYKLIF
-1,TRAV29,CAASVGGNQFYF,TRAJ49,CAAS-------VGGNQFYF
-1,TRAV1-2,CAVREDNAGNMLTF,TRAJ39,CAVR-----EDNAGNMLTF
-1,TRAV1-2,CVPMDSNYQLIW,TRAJ33,CVPMD--------NYQLIW
-1,TRAV12-3,CAMSERNNARLMF,TRAJ31,CAMS------ERNNARLMF
-1,TRAV8-4,CAVSLSGGYNKLIF,TRAJ4,CAVS-----LSGGYNKLIF
-1,TRAV10,CVVLNAGNNRKLIW,TRAJ38,CVVL------AGNNRKLIW
-1,TRAV20,CAVRPLGGGSQGNLIF,TRAJ42,CAVR---PLGGGSQGNLIF
-1,TRAV25,CADPSTGANNLFF,TRAJ36,CADP------STGANNLFF
-1,TRAV12-3,CAMSVYNTDKLIF,TRAJ34,CAMS------VYNTDKLIF
-1,TRAV4,CLVGDHSGTYKYIF,TRAJ40,CLVG-----DHSGTYKYIF
-1,TRAV12-1,CVVNSNNDMRF,TRAJ43,CVVN--------SNNDMRF
-1,TRAV6,CALDMGGGSQGNLIF,TRAJ42,CALDM----GGGSQGNLIF
-1,TRAV39,CAVPGNNDMRF,TRAJ43,CAVP--------GNNDMRF
-1,TRAV24,CAFISTSGTYKYIF,TRAJ40,CAFI-----STSGTYKYIF
-1,TRAV1-2,CAVRDRGNTPLVF,TRAJ29,CAVR------DRGNTPLVF
-1,TRAV12-2,CAGGAGTALIF,TRAJ15,CAGG--------AGTALIF
-1,TRAV12-2,CAVKDARLMF,TRAJ31,CAVKD----------RLMF
-1,TRAV14,CAMREGQSITSGSRLTF,TRAJ58,CAMRE--GQSITSGSRLTF
-1,TRAV4,CLVGDNLDSSYKLIF,TRAJ12,CLVGD----NLDSSYKLIF
-1,TRAV5,CAEEGNNARLMF,TRAJ31,CAEE-------GNNARLMF
-1,TRAV21,CAVDTGRRALTF,TRAJ5,CAVD-------TGRRALTF
-1,TRAV13-2,CAESPAGTALIF,TRAJ15,CAES-------PAGTALIF
-1,TRAV22,CAVEGAWANNLFF,TRAJ36,CAVE------GAWANNLFF
-1,TRAV13-1,CAAPPALIF,TRAJ15,CAAPPA----------LIF
-1,TRAV21,CAVIWSGTYKYIF,TRAJ40,CAVI------WSGTYKYIF
-1,TRAV1-2,CAVINSNYQLIW,TRAJ33,CAVI--------SNYQLIW
-1,TRAV13-1,CAASLWGGATNKLIF,TRAJ32,CAASL----WGGATNKLIF
-1,TRAV14,CAMREGRSDYKLSF,TRAJ20,CAMR-----EGRSDYKLSF
-1,TRAV22,CAVGGGNEKLTF,TRAJ48,CAVG-------GGNEKLTF
-1,TRAV26-1,CIVRVFRKKGQNFVF,TRAJ26,CIVR------VFRKKGQNF
-1,TRAV1-2,CAVMDSNYQLIW,TRAJ33,CAVMD--------NYQLIW
-1,TRAV12-3,CAMTVYNNNDMRF,TRAJ43,CAMTV-------NNNDMRF
-1,TRAV26-2,CILDNNNDMRF,TRAJ43,CILD---------NNDMRF
-1,TRAV12-1,CVVNGNTDKLIF,TRAJ34,CVVN-------GNTDKLIF
-1,TRAV21,CAVRGDNYGQNFVF,TRAJ26,CAVR-------GDNYGQNF
-1,TRAV12-2,CAVKDRLMF,TRAJ31,CAVKD-----------LMF
-1,TRAV8-4,CAVSSSYDKVIF,TRAJ50,CAVS-------SSYDKVIF
-1,TRAV27,CAGADGGSQGNLIF,TRAJ42,CAGA-----DGGSQGNLIF
-1,TRAV12-3,CATYLTGNQFYF,TRAJ49,CATYL-------TGNQFYF
-1,TRAV5,CAEYGRSSNTGKLIF,TRAJ37,CAEY----GRSSNTGKLIF
-1,TRAV5,CAESIRSFNKFYF,TRAJ21,CAES------IRSFNKFYF
-1,TRAV14,CAMSVWKGGKLIF,TRAJ23,CAMS------VWKGGKLIF
-1,TRAV41,CAVRSWSTDKLIF,TRAJ34,CAVR------SWSTDKLIF
-1,TRAV24,CAFIRDYKLSF,TRAJ20,CAFI--------RDYKLSF
-1,TRAV36,CAATSGTYKYIF,TRAJ40,CAAT-------SGTYKYIF
-1,TRAV16,CALNAGGTSYGKLTF,TRAJ52,CALNA----GGTSYGKLTF
-1,TRAV24,CAFELILGAQKLVF,TRAJ54,CAFE-----LILGAQKLVF
-1,TRAV27,CAGGVVDSGYALNF,TRAJ41,CAGG-----VVDSGYALNF
-1,TRAV41,CAVRASGSRLTF,TRAJ58,CAVR-------ASGSRLTF
-1,TRAV21,CAVMSMDSSYKLIF,TRAJ12,CAVM-----SMDSSYKLIF
-1,TRAV12-2,CAGFGGAGNNRKLIW,TRAJ38,CAGF----GGAGNNRKLIW
-1,TRAV21,CAVHTSGTYKYIF,TRAJ40,CAVH------TSGTYKYIF
-1,TRAV26-2,CILIPTGTYKYIF,TRAJ40,CILI------PTGTYKYIF
-1,TRAV12-1,CVVNKVSVNTGFQKLVF,TRAJ8,CVVNK--VSVNTGFQKLVF
-1,TRAV19,CALKDSWGKFQF,TRAJ24,CALKD--------WGKFQF
-1,TRAV12-1,CVVNERGSTLGRLYF,TRAJ18,CVVNE----RGSTLGRLYF
-1,TRAV6,CALDPLYSSASKIIF,TRAJ3,CALDP----LYSSASKIIF
-1,TRAV14,CAMREDPGGTSYGKLTF,TRAJ52,CAMRE--DPGGTSYGKLTF
-1,TRAV12-2,CAVTPSNTGKLIF,TRAJ37,CAVT------PSNTGKLIF
-1,TRAV27,CAGAGQNFVF,TRAJ26,CAGA-----------GQNF
-1,TRAV9-2,CALGGSFAGGTSYGKLTF,TRAJ52,CALGGS-FAGGTSYGKLTF
-1,TRAV29,CAAPTGFGNEKLTF,TRAJ48,CAAP-----TGFGNEKLTF
-1,TRAV9-2,CALNDDKIIF,TRAJ30,CALN---------DDKIIF
-1,TRAV12-2,CAVNGNNNDMRF,TRAJ43,CAVN-------GNNNDMRF
-1,TRAV1-2,CAVRDGDDKIIF,TRAJ30,CAVR-------DGDDKIIF
-1,TRAV13-2,CAEISSGGSYIPTF,TRAJ6,CAEI-----SSGGSYIPTF
-1,TRAV3,CATEGRMDSSYKLIF,TRAJ12,CATE----GRMDSSYKLIF
-1,TRAV8-3,CAVDLTGAGSYQLTF,TRAJ28,CAVDL----TGAGSYQLTF
-1,TRAV38-2,CAYRRDTDKLIF,TRAJ34,CAYR-------RDTDKLIF
-1,TRAV12-1,CVVNRDDKIIF,TRAJ30,CVVN--------RDDKIIF
-1,TRAV29,CAASFAGNTPLVF,TRAJ29,CAASF------AGNTPLVF
-1,TRAV12-2,CAVNSGGYQKVTF,TRAJ13,CAVN------SGGYQKVTF
-1,TRAV8-4,CAVTDNNNNDMRF,TRAJ43,CAVTD-------NNNDMRF
-1,TRAV38-2,CAYRSATFSGGGADGLTF,TRAJ45,CAYRSA-TFSGGGADGLTF
-1,TRAV27,CAGADGGSQGNLIF,TRAJ42,CAGA-----DGGSQGNLIF
-1,TRAV26-2,CIPFFGNEKLTF,TRAJ48,CIPFF-------GNEKLTF
-1,TRAV12-1,CVVNRYDDMRF,TRAJ43,CVVNR---------DDMRF
-1,TRAV19,CALSESAGGTSYGKLTF,TRAJ52,CALSE--SAGGTSYGKLTF
-1,TRAV6,CALNAGNMLTF,TRAJ39,CALN--------AGNMLTF
-1,TRAV30,CGTGDNNARLMF,TRAJ31,CGTG-------DNNARLMF
-1,TRAV4,CLVGVPFSGSARQLTF,TRAJ22,CLVG---VPFSGSARQLTF
-1,TRAV27,CAGGGSQGNLIF,TRAJ42,CAGG-------GSQGNLIF
-1,TRAV21,CAVRTEYNFNKFYF,TRAJ21,CAVR-----TEYNFNKFYF
-1,TRAV20,CAVPAFGNEKLTF,TRAJ48,CAVP------AFGNEKLTF
-1,TRAV16,CALSGGYNKLIF,TRAJ4,CALS-------GGYNKLIF
-1,TRAV35,CAGQLGNDMRF,TRAJ43,CAGQL---------NDMRF
-1,TRAV14,CAMRERLNNARLMF,TRAJ31,CAMR-----ERLNNARLMF
-1,TRAV14,CAMRSNYQLIW,TRAJ33,CAMRS---------YQLIW
-1,TRAV12-2,CAVNTGNQFYF,TRAJ49,CAVN--------TGNQFYF
-1,TRAV4,CLVGEANGGSQGNLIF,TRAJ42,CLVGE---ANGGSQGNLIF
-1,TRAV12-1,CVVSPDDKIIF,TRAJ30,CVVS--------PDDKIIF
-1,TRAV9-2,CALSDPRGGSEKLVF,TRAJ57,CALSD----PRGGSEKLVF
-1,TRAV25,CAANYGGSQGNLIF,TRAJ42,CAANY-----GGSQGNLIF
-1,TRAV21,CAVATDSWGKLQF,TRAJ24,CAVA------TDSWGKLQF
-1,TRAV19,CALSHANSGGSNYKLTF,TRAJ53,CALSH--ANSGGSNYKLTF
-1,TRAV1-2,CAVLDSNYQLIW,TRAJ33,CAVLD--------NYQLIW
-1,TRAV10,CVNMDSNYQLIW,TRAJ33,CVNMD--------NYQLIW
-1,TRAV1-2,CAVVDSNYQLIW,TRAJ33,CAVVD--------NYQLIW
-1,TRAV27,CAGVGGGSQGNLIF,TRAJ42,CAGV-----GGGSQGNLIF
-1,TRAV8-4,CAVSNFMNSGYSTLTF,TRAJ11,CAVS---NFMNSGYSTLTF
-1,TRAV24,CAQGDGGSQGNLIF,TRAJ42,CAQG-----DGGSQGNLIF
-1,TRAV16,CALNARLMF,TRAJ31,CALN-----------RLMF
-1,TRAV35,CAGPDSTDYGSGNTGKLIF,TRAJ37,CAGPDSTDYGSGNTGKLIF
-1,TRAV26-2,CILSRFDDYKLSF,TRAJ20,CILS------RFDDYKLSF
-1,TRAV13-2,CAENTSNQAGTALIF,TRAJ15,CAEN----TSNQAGTALIF
-1,TRAV17,CATDARAGGTSYGKLTF,TRAJ52,CATDA--RAGGTSYGKLTF
-1,TRAV13-1,CAASGSGGSQGNLIF,TRAJ42,CAAS----GSGGSQGNLIF
-1,TRAV8-1,CAAVGSKLTF,TRAJ44,CAAV---------GSKLTF
-1,TRAV13-2,CAEIWDYGQNFVF,TRAJ26,CAEI--------WDYGQNF
-1,TRAV35,CAGPKTSYDKVIF,TRAJ50,CAGP------KTSYDKVIF
-1,TRAV8-3,CAVGDGYNKLIF,TRAJ4,CAVG-------DGYNKLIF
-1,TRAV27,CAGADGSGNTGKLIF,TRAJ37,CAGAD----GSGNTGKLIF
-1,TRAV29,CAASGNNAGNMLTF,TRAJ39,CAAS-----GNNAGNMLTF
-1,TRAV25,CAAPMDSNYQLIW,TRAJ33,CAAP-------DSNYQLIW
-1,TRAV5,CAEVGSQGNLIF,TRAJ42,CAEV-------GSQGNLIF
-1,TRAV8-4,CAVMSSGNTGKLIF,TRAJ37,CAVM-----SSGNTGKLIF
-1,TRAV3,CAAPPSNTGKLIF,TRAJ37,CAAP------PSNTGKLIF
-1,TRAV41,CAVSPMEYGNKLVF,TRAJ47,CAVS-----PMEYGNKLVF
-1,TRAV5,CAESIGDNYGQNFVF,TRAJ26,CAES------IGDNYGQNF
-1,TRAV4,CLVGAPLVF,TRAJ29,CLVG----------APLVF
-1,TRAV4,CLVGAGNMLTF,TRAJ39,CLVG--------AGNMLTF
-1,TRAV35,CAGQTTSNTGKLIF,TRAJ37,CAGQ-----TTSNTGKLIF
-1,TRAV12-1,CVAASGNTGKLIF,TRAJ37,CVAA------SGNTGKLIF
-1,TRAV19,CALSNTGGFKTIF,TRAJ9,CALS----------NTGGF
-1,TRAV4,CLVGDEGAGSYQLTF,TRAJ4,CLVGD----EGAGSYQLTF
-1,TRAV39,CAVDPLWETSGSRLTF,TRAJ58,CAVD---PLWETSGSRLTF
-1,TRAV12-2,CAVNDYKLSF,TRAJ20,CAVN---------DYKLSF
-1,TRAV8-4,CAVSDQGFGNEKLTF,TRAJ48,CAVSD----QGFGNEKLTF
-1,TRAV2,CAVPPGFQKLVF,TRAJ8,CAVP-------PGFQKLVF
-1,TRAV17,CAILTRMDSSYKLIF,TRAJ12,CAIL----TRMDSSYKLIF
-1,TRAV21,CAVAMDSNYQLIW,TRAJ33,CAVA-------DSNYQLIW
-1,TRAV19,CALTVTGFQKLVF,TRAJ8,CALT------VTGFQKLVF
-1,TRAV29,CAATHFTGNQFYF,TRAJ49,CAAT------HFTGNQFYF
-1,TRAV12-1,CVVFPGSARQLTF,TRAJ22,CVVF------PGSARQLTF
-1,TRAV12-2,CAVDGNQFYF,TRAJ49,CAVD---------GNQFYF
-1,TRAV13-1,CAVTGYSTLTF,TRAJ43,CAVT--------GYSTLTF
-1,TRAV38-1,CAFTSMANQFYF,TRAJ49,CAFT-------SMANQFYF
-1,TRAV8-6,CAVSWGNTDKLIF,TRAJ34,CAVS------WGNTDKLIF
-1,TRAV3,CAVRERNAGNNRKLIW,TRAJ38,CAVRE----NAGNNRKLIW
-1,TRAV13-1,CAASDDYKLSF,TRAJ20,CAAS--------DDYKLSF
-1,TRAV29,CASKTGANSKLTF,TRAJ56,CASK------TGANSKLTF
-1,TRAV6,CALSGYNKLIF,TRAJ4,CALS--------GYNKLIF
-1,TRAV19,CALSEPESGAGSYQLTF,TRAJ28,CALSE--PESGAGSYQLTF
-1,TRAV35,CAGTTHARGGSQGNLIF,TRAJ42,CAGTT--HARGGSQGNLIF
-1,TRAV8-6,CAVSETGPARLMF,TRAJ31,CAVS------ETGPARLMF
-1,TRAV38-2,CAYYQMYSGGGADGLTF,TRAJ45,CAYYQ--MYSGGGADGLTF
-1,TRAV41,CAVREGADGLTF,TRAJ45,CAVR-------EGADGLTF
-1,TRAV17,CATDPYSGGGADGLTF,TRAJ45,CATD---PYSGGGADGLTF
-1,TRAV13-1,CAASRGLIGLEDTGRRALTF,TRAJ5,CAASRGIGLEDTGRRALTF
-1,TRAV3,CAVRNNNARLMF,TRAJ31,CAVR--------NNARLMF
-1,TRAV8-4,CAVPTYSSASKIIF,TRAJ3,CAVP-----TYSSASKIIF
-1,TRAV17,CATVSRMDSSYKLIF,TRAJ12,CATVS----RMDSSYKLIF
-1,TRAV1-2,CAVSGGAGSYQLTF,TRAJ28,CAVS-----GGAGSYQLTF
-1,TRAV12-2,CAVKSNDYKLSF,TRAJ20,CAVK-------SNDYKLSF
-1,TRAV12-2,CAVTGNEKLTF,TRAJ48,CAVT--------GNEKLTF
-1,TRAV19,CAIVQTGANNLFF,TRAJ36,CAIVQ------TGANNLFF
-1,TRAV27,CAGPGTNAGKSTF,TRAJ27,CAGP------GTNAGKSTF
-1,TRAV8-4,CAVSDPYSKAAGNKLTF,TRAJ17,CAVSD--PYSKAAGNKLTF
-1,TRAV29,CAARGRDMRF,TRAJ43,CAARG----------DMRF
-1,TRAV27,CAGLQRGSQGNLIF,TRAJ42,CAGL-----QRGSQGNLIF
-1,TRAV3,CAVSPSEGTYKYIF,TRAJ40,CAVS-----PSEGTYKYIF
-1,TRAV4,CLVGVPAGNMLTF,TRAJ39,CLVG------VPAGNMLTF
-1,TRAV4,CLVGDMAGGFKTIF,TRAJ9,CLVG-----DMAGGFKTIF
-1,TRAV12-2,CAVTVSNDYKLSF,TRAJ20,CAVT------VSNDYKLSF
-1,TRAV14,CAMSPRDDKIIF,TRAJ30,CAMS-------PRDDKIIF
-1,TRAV8-1,CAVTLSYNTDKLIF,TRAJ34,CAVT-----LSYNTDKLIF
-1,TRAV27,CAGAGGGSQGNLIF,TRAJ42,CAGA-----GGGSQGNLIF
-1,TRAV13-1,CAASISRGYNKLIF,TRAJ4,CAAS-----ISRGYNKLIF
-1,TRAV4,CLVGVPNDYKLSF,TRAJ20,CLVG------VPNDYKLSF
-1,TRAV8-4,CAVSTDSGSARQLTF,TRAJ22,CAVS----TDSGSARQLTF
-1,TRAV17,CATALREGYQKVTF,TRAJ13,CATA-----LREGYQKVTF
-1,TRAV35,CAGRVSGTYKYIF,TRAJ40,CAGR------VSGTYKYIF
-1,TRAV12-3,CAMKTSYDKVIF,TRAJ50,CAMK-------TSYDKVIF
-1,TRAV13-1,CAAKWTGGFKTIF,TRAJ9,CAAK------WTGGFKTIF
-1,TRAV19,CALITALNNAGNMLTF,TRAJ39,CALI---TALNNAGNMLTF
-1,TRAV21,CAVFPGANNLFF,TRAJ36,CAVF-------PGANNLFF
-1,TRAV12-1,CVVNIWKDSNYQLIW,TRAJ33,CVVN-----WKDSNYQLIW
-1,TRAV17,CATASTGKLIF,TRAJ37,CATA--------STGKLIF
-1,TRAV35,CAGLNYGGSQGNLIF,TRAJ42,CAGLN----YGGSQGNLIF
-1,TRAV27,CAGDAGSGGGADGLTF,TRAJ45,CAGD---AGSGGGADGLTF
-1,TRAV12-1,CVVNRADKLIF,TRAJ34,CVVN--------RADKLIF
-1,TRAV12-2,CAVSSNDYKLSF,TRAJ20,CAVS-------SNDYKLSF
-1,TRAV27,CAGPLGGGSQGNLIF,TRAJ42,CAGPL----GGGSQGNLIF
-1,TRAV13-1,CAASKVTGGGNKLTF,TRAJ10,CAASK----VTGGGNKLTF
-1,TRAV9-2,CALRGNTGKLIF,TRAJ37,CALR-------GNTGKLIF
-1,TRAV12-1,CVVNENNDMRF,TRAJ43,CVVNE---------NDMRF
-1,TRAV8-6,CAVGGSQGNLIF,TRAJ42,CAVG-------GSQGNLIF
-1,TRAV12-1,CVVNRDDKIIF,TRAJ30,CVVN--------RDDKIIF
-1,TRAV3,CAVRDIGEYGNKLVF,TRAJ47,CAVRD----IGEYGNKLVF
-1,TRAV5,CAETTDSSYKLIF,TRAJ12,CAET------TDSSYKLIF
-1,TRAV19,CALRNSNYQLIW,TRAJ33,CALR--------SNYQLIW
-1,TRAV24,CASQNNARLMF,TRAJ31,CASQ--------NNARLMF
-1,TRAV5,EPRVKSSNCF,TRAJ22,C-----------------F
-1,TRAV8-1,CAVRRGSQGNLIF,TRAJ42,CAVR------RGSQGNLIF
-1,TRAV12-1,CVVNDPSGNTPLVF,TRAJ29,CVVN-----DPSGNTPLVF
-1,TRAV17,CATDPTINTGTASKLTF,TRAJ44,CATDP--TINTGTASKLTF
-1,TRAV4,CLVGVPLGGGGNKLTF,TRAJ10,CLVG---VPLGGGGNKLTF
-1,TRAV17,CATDVEAGGFKTIF,TRAJ9,CATD-----VEAGGFKTIF
-1,TRAV20,CAVQPAWGSGYSTLTF,TRAJ11,CAVQ---PAWGSGYSTLTF
-1,TRAV21,CAVEDNYGQNFVF,TRAJ26,CAVE--------DNYGQNF
-1,TRAV12-2,CAVGDDKIIF,TRAJ30,CAVG---------DDKIIF
-1,TRAV14,CAMRGNPGGTSYGKLTF,TRAJ52,CAMRG--NPGGTSYGKLTF
-1,TRAV1-1,CAHWGSSNTGKLIF,TRAJ37,CAHW-----GSSNTGKLIF
-1,TRAV1-2,CAPNSGGYQKVTF,TRAJ13,CAPN------SGGYQKVTF
-1,TRAV41,CAVRSNFGNEKLTF,TRAJ48,CAVR-----SNFGNEKLTF
-1,TRAV8-1,CAVSLLNSGGSNYKLTF,TRAJ53,CAVSL--LNSGGSNYKLTF
-1,TRAV1-2,CAVRDSNYQLIW,TRAJ33,CAVRD--------NYQLIW
-1,TRAV1-2,CAVMDSSYKLIF,TRAJ12,CAVM-------DSSYKLIF
-1,TRAV19,CALSEARTSGTYKYIF,TRAJ40,CALSE---ARTSGTYKYIF
-1,TRAV1-2,CAVDDDYKLSF,TRAJ20,CAVD--------DDYKLSF
-1,TRAV1-2,CAVKSFQKLVF,TRAJ8,CAVK--------SFQKLVF
-1,TRAV22,CAVEWAGGTSYGKLTF,TRAJ52,CAVE---WAGGTSYGKLTF
-1,TRAV27,CAGALRTNAGKSTF,TRAJ27,CAGA-----LRTNAGKSTF
-1,TRAV17,CATDGRGGGNKLTF,TRAJ10,CATD-----GRGGGNKLTF
-1,TRAV27,CAGGGSQGNLIF,TRAJ42,CAGG-------GSQGNLIF
-1,TRAV12-2,CAVMDDKIIF,TRAJ30,CAVM---------DDKIIF
-1,TRAV17,CATVHRMDSSYKLIF,TRAJ12,CATVH----RMDSSYKLIF
-1,TRAV14,CAMREADSGGGADGLTF,TRAJ45,CAMRE--ADSGGGADGLTF
-1,TRAV4,CLVGGNSGYSTLTF,TRAJ11,CLVG-----GNSGYSTLTF
-1,TRAV12-1,CVVNIPQAGTALIF,TRAJ15,CVVN-----IPQAGTALIF
-1,TRAV3,CAVRDINDMRF,TRAJ43,CAVRD---------NDMRF
-1,TRAV29,CAASGGSYIPTF,TRAJ6,CAAS-------GGSYIPTF
-1,TRAV12-1,CVVNGGNDMRF,TRAJ43,CVVN--------GGNDMRF
-1,TRAV38-1,CAFILNRDDKIIF,TRAJ30,CAFIL------NRDDKIIF
-1,TRAV12-3,CAMSERNKARLMF,TRAJ31,CAMSE-------NKARLMF
-1,TRAV1-2,CAVVNSNYQLIW,TRAJ33,CAVV--------SNYQLIW
-1,TRAV14,CAMREGLRGAQKLVF,TRAJ54,CAMRE----GLRGAQKLVF
-1,TRAV19,CALSDLNQAGTALIF,TRAJ15,CALSD----LNQAGTALIF
-1,TRAV25,CAGNYGGSQGNLIF,TRAJ42,CAGNY-----GGSQGNLIF
-1,TRAV39,CAVDSPVRF,TRAJ43,CAVD----------SPVRF
-1,TRAV17,CATDGGGGSQGNLIF,TRAJ42,CATD----GGGGSQGNLIF
-1,TRAV12-1,CVVNKSHRGSTLGRLYF,TRAJ18,CVVNK--SHRGSTLGRLYF
-1,TRAV30,CGTGGSQGNLIF,TRAJ42,CGTG-------GSQGNLIF
-1,TRAV38-1,CAFMTSGTASKLTF,TRAJ44,CAFM-----TSGTASKLTF
-1,TRAV27,CAGGGSQGNLIF,TRAJ42,CAGG-------GSQGNLIF
-1,TRAV10,CVVKRHTDKLIF,TRAJ34,CVVK-------RHTDKLIF
-1,TRAV1-2,CAVRGTGRRALTF,TRAJ5,CAVR------GTGRRALTF
-1,TRAV1-2,CAVKSNYQLIW,TRAJ33,CAVKS---------YQLIW
-1,TRAV1-2,CAVDGGANNLFF,TRAJ36,CAVD-------GGANNLFF
-1,TRAV17,CATDDGDSSYKLIF,TRAJ12,CATD-----DGDSSYKLIF
-1,TRAV39,CAVEIRGGADGLTF,TRAJ45,CAVE-----IRGGADGLTF
-1,TRAV29,CAASARGNQGGKLIF,TRAJ23,CAASA----RGNQGGKLIF
-1,TRAV12-1,CVVAYSGGGADGLTF,TRAJ45,CVVAY----SGGGADGLTF
-1,TRAV5,CAESIPAGANSKLTF,TRAJ56,CAESI----PAGANSKLTF
-1,TRAV2,CAPGNKLTF,TRAJ17,CAPG----------NKLTF
-1,TRAV4,CLVGDGKAGTALIF,TRAJ15,CLVG-----DGKAGTALIF
-1,TRAV41,CAVEWGAQKLVF,TRAJ54,CAVE-------WGAQKLVF
-1,TRAV12-2,CAVSGTYKYIF,TRAJ40,CAVS--------GTYKYIF
-1,TRAV13-1,CAARVSGSARQLTF,TRAJ22,CAAR-----VSGSARQLTF
-1,TRAV8-1,CAVNVPYNNAGNMLTF,TRAJ39,CAVN---VPYNNAGNMLTF
-1,TRAV41,CAVACEDGGSQGNLIF,TRAJ42,CAVA---CEDGGSQGNLIF
-1,TRAV29,CAASAGGGSQGNLIF,TRAJ42,CAASA----GGGSQGNLIF
-1,TRAV26-1,CIVRSFSGGGADGLTF,TRAJ45,CIVR---SFSGGGADGLTF
-1,TRAV19,CALSEVTDSWGKLQF,TRAJ24,CALSE----VTDSWGKLQF
-1,TRAV29,CAASEDDYKLSF,TRAJ20,CAAS-------EDDYKLSF
-1,TRAV19,CALSEAKDDKIIF,TRAJ30,CALS------EAKDDKIIF
-1,TRAV13-2,CAEVNGGSQGNLIF,TRAJ42,CAEV-----NGGSQGNLIF
-1,TRAV40,CLPKYNTDKLIF,TRAJ34,CLPKY-------NTDKLIF
-1,TRAV19,CALKGNTGTASKLTF,TRAJ44,CALK----GNTGTASKLTF
-1,TRAV21,CAVKGAQKLVF,TRAJ54,CAVK--------GAQKLVF
-1,TRAV3,CAVRDIKFSDGQKLLF,TRAJ16,CAVRD---IKFSDGQKLLF
-1,TRAV3,CAVRANARLMF,TRAJ31,CAVR--------ANARLMF
-1,TRAV12-1,CVVNGADKLIF,TRAJ34,CVVN--------GADKLIF
-1,TRAV38-2,CAYSIINKLIF,TRAJ32,CAYS--------IINKLIF
-1,TRAV27,CAGADGGSQGNLIF,TRAJ42,CAGA-----DGGSQGNLIF
-1,TRAV19,CALSEAVDARLMF,TRAJ31,CALS------EAVDARLMF
-1,TRAV41,CAGDIQGAQKLVF,TRAJ54,CAGD------IQGAQKLVF
-1,TRAV5,CADRPSRGGKLIF,TRAJ23,CADR------PSRGGKLIF
-1,TRAV38-2,CAYRSPYSGGGADGLTF,TRAJ45,CAYRS--PYSGGGADGLTF
-1,TRAV29,CAAKSTDYKLSF,TRAJ20,CAAK-------STDYKLSF
-1,TRAV13-2,CAETNFGNEKLTF,TRAJ48,CAET------NFGNEKLTF
-1,TRAV13-2,CAERGTSYGKLTF,TRAJ52,CAER------GTSYGKLTF
-1,TRAV39,CAVVNYGGATNKLIF,TRAJ32,CAVVN----YGGATNKLIF
-1,TRAV12-2,CAVTGDDKIIF,TRAJ30,CAVT--------GDDKIIF
-1,TRAV1-2,CAVETGGFKTIF,TRAJ9,CAVE-------TGGFKTIF
-1,TRAV14,CALEGSNYKLTF,TRAJ53,CALE-------GSNYKLTF
-1,TRAV12-1,CVVNARGYDKVIF,TRAJ50,CVVN------ARGYDKVIF
-1,TRAV12-3,CAIGFQKLVF,TRAJ8,CAIGF---------QKLVF
-1,TRAV1-2,CAAPREDSSYKLIF,TRAJ12,CAAP-----REDSSYKLIF
-1,TRAV8-4,CAVTLYSGAGSYQLTF,TRAJ28,CAVTL---YSGAGSYQLTF
-1,TRAV13-2,CAVYTGGFKTIF,TRAJ9,CAVY-------TGGFKTIF
-1,TRAV12-2,CAVLTLNARLMF,TRAJ31,CAVL-------TLNARLMF
-1,TRAV35,CAGQLGNDMRF,TRAJ43,CAGQL---------NDMRF
-1,TRAV12-3,CAIDLGGGSQGNLIF,TRAJ42,CAIDL----GGGSQGNLIF
-1,TRAV21,CAVVGWNDYKLSF,TRAJ20,CAVV------GWNDYKLSF
-1,TRAV3,CAVSPTSGTYKYIF,TRAJ40,CAVS-----PTSGTYKYIF
-1,TRAV38-2,CAYRTPYGGSQGNLIF,TRAJ42,CAYR---TPYGGSQGNLIF
-1,TRAV1-2,CAVMDSNYQLIW,TRAJ33,CAVMD--------NYQLIW
-1,TRAV21,CAVFSGNTGKLIF,TRAJ37,CAVF------SGNTGKLIF
-1,TRAV14,CAMREVPQGGSEKLVF,TRAJ57,CAMRE---VPQGGSEKLVF
-1,TRAV12-2,CAVMDDKIIF,TRAJ30,CAVM---------DDKIIF
-1,TRAV19,CALSEASGNAGNMLTF,TRAJ39,CALSE---ASGNAGNMLTF
-1,TRAV10,CVDHSNGWRQSVIW,TRAJ33,CVDHS------GWRQSVIW
-1,TRAV29,CAAGYNDMRF,TRAJ43,CAAG----------NDMRF
-1,TRAV27,CAGSHGGSQGNLIF,TRAJ42,CAGS-----HGGSQGNLIF
-1,TRAV26-1,CIVRVPFLYNQGGKLIF,TRAJ23,CIVRV--PFLYNQGGKLIF
-1,TRAV24,CASNTGNQFYF,TRAJ49,CASN--------TGNQFYF
-1,TRAV27,CAGESGDKLTF,TRAJ46,CAGE--------SGDKLTF
-1,TRAV38-1,CAFMKGAGGTSYGKLTF,TRAJ52,CAFMK--GAGGTSYGKLTF
-1,TRAV5,CAVLDRGSTLGRLYF,TRAJ18,CAVLD----RGSTLGRLYF
-1,TRAV12-3,CAIYGNNRLAF,TRAJ7,CAIY--------GNNRLAF
-1,TRAV9-2,CALSVGNQGGKLIF,TRAJ23,CALS-----VGNQGGKLIF
-1,TRAV8-4,CAVSERAGGTSYGKLTF,TRAJ52,CAVSE--RAGGTSYGKLTF
-1,TRAV1-1,CAVRDEDDKIIF,TRAJ30,CAVR-------DEDDKIIF
-1,TRAV5,CAEILNDYKLSF,TRAJ20,CAEIL-------NDYKLSF
-1,TRAV20,CAVQASGGGADGLTF,TRAJ45,CAVQA----SGGGADGLTF
-1,TRAV29,CAASDDKIIF,TRAJ30,CAAS---------DDKIIF
-1,TRAV1-2,CAVRDQNFNKFYF,TRAJ21,CAVR------DQNFNKFYF
-1,TRAV20,CAVHRGSQGNLIF,TRAJ42,CAVH------RGSQGNLIF
-1,TRAV9-2,CALSDREDHNDMRF,TRAJ43,CALSD------EDHNDMRF
-1,TRAV8-4,CAVSPTSGTYKYIF,TRAJ40,CAVS-----PTSGTYKYIF
-1,TRAV10,CVVIDRGSTLGRLYF,TRAJ18,CVVID----RGSTLGRLYF
-1,TRAV25,CAATDSWGKLQF,TRAJ24,CAAT-------DSWGKLQF
-1,TRAV38-1,CAFMKRAHDNDYKLSF,TRAJ20,CAFM---KRAHDNDYKLSF
-1,TRAV3,CAVRDIGGTALIF,TRAJ15,CAVR------DIGGTALIF
-1,TRAV9-2,CALSAEGGAQKLVF,TRAJ54,CALS-----AEGGAQKLVF
-1,TRAV8-3,CAVDFSGTYKYIF,TRAJ40,CAVDF------SGTYKYIF
-1,TRAV14,CAMREGRFYF,TRAJ49,CAMR---------EGRFYF
-1,TRAV29,CAASAGGSQGNLIF,TRAJ42,CAAS-----AGGSQGNLIF
-1,TRAV1-1,CAVRADSWGKLQF,TRAJ24,CAVR------ADSWGKLQF
-1,TRAV3,CAVRGYGNKLVF,TRAJ47,CAVR-------GYGNKLVF
-1,TRAV2,CAVWDNQGGKLIF,TRAJ23,CAVW------DNQGGKLIF
-1,TRAV35,CAGNYGGSQGNLIF,TRAJ42,CAGNY-----GGSQGNLIF
-1,TRAV1-1,CAVSPWISSGSARQLTF,TRAJ22,CAVSP--WISSGSARQLTF
-1,TRAV12-2,CAVNSGANSKLTF,TRAJ56,CAVN------SGANSKLTF
-1,TRAV39,CAVGPNTGGFKTIF,TRAJ9,CAVG---------PNTGGF
-1,TRAV9-2,CALSEETSYDKVIF,TRAJ50,CALS-----EETSYDKVIF
-1,TRAV1-2,CAQNSGGYQKVTF,TRAJ13,CAQN------SGGYQKVTF
-1,TRAV3,CAVRDRLGFQKLVF,TRAJ8,CAVR-----DRLGFQKLVF
-1,TRAV12-1,CVVNEDNDMRF,TRAJ43,CVVNE---------NDMRF
-1,TRAV29,CSFGGTSYGKLTF,TRAJ52,CSFG------GTSYGKLTF
-1,TRAV38-2,CASSGTYKYIF,TRAJ40,CASS--------GTYKYIF
-1,TRAV12-2,CAANDYKLSF,TRAJ20,CAAN---------DYKLSF
-1,TRAV12-1,CVVNIDTDKLIF,TRAJ34,CVVN-------IDTDKLIF
-1,TRAV38-2,CAYISNNDMRF,TRAJ43,CAYI--------SNNDMRF
-1,TRAV38-1,CAFAEVNAGNMLTF,TRAJ39,CAFA-----EVNAGNMLTF
-1,TRAV8-6,CAVSGSQGNLIF,TRAJ42,CAVS-------GSQGNLIF
-1,TRAV13-1,CAAISNTGKLIF,TRAJ37,CAAI-------SNTGKLIF
-1,TRAV1-2,CAEDTGRRALTF,TRAJ5,CAED-------TGRRALTF
-1,TRAV35,CAGQTIYNQGGKLIF,TRAJ23,CAGQ----TIYNQGGKLIF
-1,TRAV14,CCHSQGGSNYKLTF,TRAJ53,CHSQ------GGSNYKLTF
-1,TRAV23,CALAGSQGNLIF,TRAJ42,CALA-------GSQGNLIF
-1,TRAV1-2,CAVIQAGNMLTF,TRAJ39,CAVI-------QAGNMLTF
-1,TRAV1-2,CAVREGGGKLIF,TRAJ23,CAVR-------EGGGKLIF
-1,TRAV8-4,CAVSDGGSYIPTF,TRAJ6,CAVS------DGGSYIPTF
-1,TRAV3,CAVRDNSGTYKYIF,TRAJ40,CAVR-----DNSGTYKYIF
-1,TRAV12-2,CAVFLSGAGSYQLTF,TRAJ28,CAVFL----SGAGSYQLTF
-1,TRAV25,CAGSSGGSQGNLIF,TRAJ42,CAGS-----SGGSQGNLIF
-1,TRAV24,CAFPNYGGSQGNLIF,TRAJ42,CAFPN----YGGSQGNLIF
-1,TRAV17,CARSGSARQLTF,TRAJ22,CARS-------GSARQLTF
-1,TRAV12-2,CAVSGNKLTF,TRAJ17,CAVS---------GNKLTF
-1,TRAV12-2,CAVLTLYSGAGSYQLTF,TRAJ28,CAVLT--LYSGAGSYQLTF
-1,TRAV14,CAMRGDAGGTSYGKLTF,TRAJ52,CAMRG--DAGGTSYGKLTF
-1,TRAV4,CLVGDQGGGYNKLIF,TRAJ4,CLVGD----QGGGYNKLIF
-1,TRAV14,CAMREGLFGNEKLTF,TRAJ48,CAMRE----GLFGNEKLTF
-1,TRAV25,FSLSGGSQGNLLF,TRAJ24,FSLS------GGSQGNLLF
-1,TRAV12-2,CATGDDKIIF,TRAJ30,CATG---------DDKIIF
-1,TRAV26-2,CILLGTGANNLFF,TRAJ36,CILL------GTGANNLFF
-1,TRAV19,CALSEVYTGNQFYF,TRAJ49,CALS-----EVYTGNQFYF
-1,TRAV19,CALSEAGRGGSYIPTF,TRAJ6,CALSE---AGRGGSYIPTF
-1,TRAV19,CARKGGSTDKLIF,TRAJ34,CARK------GGSTDKLIF
-1,TRAV13-2,CAENGGGGSQGNLIF,TRAJ42,CAEN----GGGGSQGNLIF
-1,TRAV5,CAEESNTGKLIF,TRAJ37,CAEE-------SNTGKLIF
-1,TRAV26-1,CIVRVRGGSNYKLTF,TRAJ53,CIVRV----RGGSNYKLTF
-1,TRAV12-1,CVPRDTGRRALTF,TRAJ5,CVPR------DTGRRALTF
-1,TRAV38-2,CAYFREGKLTF,TRAJ52,CAYF--------REGKLTF
-1,TRAV1-2,CAAGDSNYQLIW,TRAJ33,CAAGD--------NYQLIW
-1,TRAV24,CARNTGNQFYF,TRAJ49,CARN--------TGNQFYF
-1,TRAV12-3,CAITDSWGKLQF,TRAJ24,CAIT-------DSWGKLQF
-1,TRAV17,CATDGEYAGGTSYGKLTF,TRAJ52,CATDGE-YAGGTSYGKLTF
-1,TRAV38-2,CANAQKLVF,TRAJ54,CANA----------QKLVF
-1,TRAV5,CASETGNQFYF,TRAJ49,CASE--------TGNQFYF
-1,TRAV13-1,CAAGGGADGLTF,TRAJ45,CAAG-------GGADGLTF
-1,TRAV1-1,CAVVVF,TRAJ21,CAVVV-------------F
-1,TRAV13-1,CAASIRGSTLGRLYF,TRAJ18,CAASI----RGSTLGRLYF
-1,TRAV1-1,CAVYYGQNFVF,TRAJ26,CAVY----------YGQNF
-1,TRAV36,CAVGSWDSGGSNYKLTF,TRAJ53,CAVGS--WDSGGSNYKLTF
-1,TRAV12-1,CVVILFSGSARQLTF,TRAJ22,CVVIL----FSGSARQLTF
-1,TRAV38-2,CAWGHNAGGTSYGKLTF,TRAJ52,CAWGH--NAGGTSYGKLTF
-1,TRAV12-3,CAMTPGGTSYGKLTF,TRAJ52,CAMTP----GGTSYGKLTF
-1,TRAV12-2,CAVNPYSSASKIIF,TRAJ3,CAVN-----PYSSASKIIF
-1,TRAV4,CLVDGYGNKLVF,TRAJ47,CLVD-------GYGNKLVF
-1,TRAV1-2,CAVRDYNNARLMF,TRAJ31,CAVR------DYNNARLMF
-1,TRAV20,CAFNPWNTDKLIF,TRAJ34,CAFN------PWNTDKLIF
-1,TRAV6,CALGGTGGFKTIF,TRAJ9,CALG------GTGGFKTIF
-1,TRAV19,CALRMIYNQGGKLIF,TRAJ23,CALRM----IYNQGGKLIF
-1,TRAV5,CAEQRTGRRALTF,TRAJ5,CAEQ------RTGRRALTF
-1,TRAV21,CAVNLKGNAGNNRKLIW,TRAJ38,CAVNL---GNAGNNRKLIW
-1,TRAV27,CAGADGGSQGNLIF,TRAJ42,CAGA-----DGGSQGNLIF
-1,TRAV3,CAVREVEYGNKLVF,TRAJ47,CAVR-----EVEYGNKLVF
-1,TRAV29,CAASRHTGNQFYF,TRAJ49,CAAS------RHTGNQFYF
-1,TRAV41,CAAAHQGGSEKLVF,TRAJ57,CAAA-----HQGGSEKLVF
-1,TRAV27,CAGDDQGGKLIF,TRAJ23,CAGD-------DQGGKLIF
-1,TRAV35,CAGLDDSWGKLQF,TRAJ24,CAGL------DDSWGKLQF
-1,TRAV21,CAVGGGADGLTF,TRAJ45,CAVG-------GGADGLTF
-1,TRAV3,CAVRPSNTGKLIF,TRAJ37,CAVR------PSNTGKLIF
-1,TRAV20,CAVGAYNQGGKLIF,TRAJ23,CAVG-----AYNQGGKLIF
-1,TRAV27,CAGADGGSQGNLIF,TRAJ42,CAGA-----DGGSQGNLIF
-1,TRAV23,CAASSIQGAQKLVF,TRAJ54,CAAS-----SIQGAQKLVF
-1,TRAV5,CAESGGNTGKLIF,TRAJ37,CAES------GGNTGKLIF
-1,TRAV19,CALSVRGRDDKIIF,TRAJ30,CALS-----VRGRDDKIIF
-1,TRAV14,CAMREGGDMRF,TRAJ43,CAMRE---------GDMRF
-1,TRAV5,CAEILMDSNYQLIW,TRAJ33,CAEIL------DSNYQLIW
-1,TRAV17,CATDAIPSDMRF,TRAJ43,CATD--------IPSDMRF
-1,TRAV8-3,CAVGNAITSSSDKLIF,TRAJ34,CAVG---NAITSSSDKLIF
-1,TRAV38-2,CAFDYGQNFVF,TRAJ26,CAFD----------YGQNF
-1,TRAV12-2,CAVAAYKYIF,TRAJ40,CAVA---------AYKYIF
-1,TRAV16,CALGGAQKLVF,TRAJ54,CALG--------GAQKLVF
-1,TRAV19,CALSEEETAGTYKYIF,TRAJ40,CALSE---EETAGTYKYIF
-1,TRAV4,CLVGEEARLMF,TRAJ31,CLVGE---------ARLMF
-1,TRAV13-1,CASSGYSTLTF,TRAJ11,CASS--------GYSTLTF
-1,TRAV1-2,CAVWGNTGKLIF,TRAJ37,CAVW-------GNTGKLIF
-1,TRAV1-2,CAVRVALIKAAGNKLTF,TRAJ17,CAVRV--ALIKAAGNKLTF
-1,TRAV27,CAGDENNDMRF,TRAJ43,CAGDE---------NDMRF
-1,TRAV24,CAFPYNNNDMRF,TRAJ43,CAFP--------NNNDMRF
-1,TRAV16,CALKRSNTGKLIF,TRAJ37,CALK------RSNTGKLIF
-1,TRAV19,CALRAMDSSYKLIF,TRAJ12,CALR-----AMDSSYKLIF
-1,TRAV14,CAMRGDAGGTSYGKLTF,TRAJ52,CAMRG--DAGGTSYGKLTF
-1,TRAV30,CGTQSSNDYKLSF,TRAJ20,CGTQ------SSNDYKLSF
-1,TRAV19,CALTRSGYSTLTF,TRAJ11,CALT------RSGYSTLTF
-1,TRAV12-1,CVGAGSYQLTF,TRAJ28,CVGA--------GSYQLTF
-1,TRAV12-2,CAVKGNQGGKLIF,TRAJ23,CAVK------GNQGGKLIF
-1,TRAV19,CALFGANSKLTF,TRAJ56,CALF-------GANSKLTF
-1,TRAV19,CALSEATSGTYKYIF,TRAJ40,CALSE----ATSGTYKYIF
-1,TRAV1-1,CAVRDQEGNTPLVF,TRAJ29,CAVR-----DQEGNTPLVF
-1,TRAV12-1,CVVNRMKVDSNYQLIW,TRAJ33,CVVNR----KVDSNYQLIW
-1,TRAV20,CAVQHLTQGGSEKLVF,TRAJ57,CAVQ---HLTQGGSEKLVF
-1,TRAV26-2,CILRDGSGGSNYKLTF,TRAJ53,CILRD---GSGGSNYKLTF
-1,TRAV12-1,CVVGDDKIIF,TRAJ30,CVVG---------DDKIIF
-1,TRAV1-2,CAIVEAEYGNKLVF,TRAJ47,CAIV-----EAEYGNKLVF
-1,TRAV13-2,CAENRSGGSYIPTF,TRAJ6,CAEN-----RSGGSYIPTF
-1,TRAV21,CAVLVVTGNQFYF,TRAJ49,CAVL------VVTGNQFYF
-1,TRAV30,CAEGAGNNRKLIW,TRAJ38,CAEG-------GNNRKLIW
-1,TRAV12-1,CVVNRVENSGYSTLTF,TRAJ11,CVVN---RVENSGYSTLTF
-1,TRAV13-1,CAASIKAGSARQLTF,TRAJ22,CAASI----KAGSARQLTF
-1,TRAV27,CAGVNNNARLMF,TRAJ31,CAGV--------NNARLMF
-1,TRAV12-2,CAVNRVNYGGSQGNLIF,TRAJ42,CAVNR--VNYGGSQGNLIF
-1,TRAV4,CLVGPNDMRF,TRAJ43,CLVGP----------DMRF
-1,TRAV4,CLVVPNRDDKIIF,TRAJ30,CLVV------PNRDDKIIF
-1,TRAV14,CAMREGEEGNTDKLIF,TRAJ34,CAMRE---GEEGNTDKLIF
-1,TRAV13-2,CAENIGYGQNFVF,TRAJ26,CAEN--------IGYGQNF
-1,TRAV8-6,CAVRSSGGSYIPTF,TRAJ6,CAVR-----SSGGSYIPTF
-1,TRAV17,CATVLRMDSSYKLIF,TRAJ12,CATVL----RMDSSYKLIF
-1,TRAV12-2,CAVNVMDSNYQLIW,TRAJ33,CAVNV------DSNYQLIW
-1,TRAV35,CAGQLGTGNQFYF,TRAJ49,CAGQL------GTGNQFYF
-1,TRAV12-2,CAVSDYKLSF,TRAJ20,CAVS---------DYKLSF
-1,TRAV21,CAVSREDTGRRALTF,TRAJ5,CAVSR----EDTGRRALTF
-1,TRAV1-2,CAVMDSNYQLIW,TRAJ33,CAVMD--------NYQLIW
-1,TRAV29,CAASALPTGNYQLIW,TRAJ33,CAAS-----LPTGNYQLIW
-1,TRAV12-1,CVVIHDKIIF,TRAJ30,CVVI---------HDKIIF
-1,TRAV25,CAGKSLFGTNAGKSTF,TRAJ27,CAGK---SLFGTNAGKSTF
-1,TRAV38-2,CAYRSNYGGSQGNLIF,TRAJ42,CAYR---SNYGGSQGNLIF
-1,TRAV12-2,CAVNADDKIIF,TRAJ30,CAVN--------ADDKIIF
-1,TRAV5,CAERGRDDKIIF,TRAJ30,CAER-------GRDDKIIF
-1,TRAV6,CALDMGGGSQGNLIF,TRAJ42,CALDM----GGGSQGNLIF
-1,TRAV12-2,CAVKGDDKIIF,TRAJ30,CAVK--------GDDKIIF
-1,TRAV4,CLVGDLTNYQLIW,TRAJ33,CLVGD-------TNYQLIW
-1,TRAV38-1,CAFMKMGYGQNFVF,TRAJ26,CAFM-------KMGYGQNF
-1,TRAV12-2,CAVNRDDKIIF,TRAJ30,CAVN--------RDDKIIF
-1,TRAV12-1,CVVKGAGGTSYGKLTF,TRAJ52,CVVK---GAGGTSYGKLTF
-1,TRAV19,CALSEVYTGRRALTF,TRAJ5,CALSE----VYTGRRALTF
-1,TRAV20,CAVRGYQKVTF,TRAJ13,CAVR--------GYQKVTF
-1,TRAV26-1,CIHRGGSQGNLIF,TRAJ42,CIHR------GGSQGNLIF
-1,TRAV3,CSVRAYNTNAGKSTF,TRAJ27,CSVRA----YNTNAGKSTF
-1,TRAV1-2,CAVRDSNYQLIW,TRAJ33,CAVRD--------NYQLIW
-1,TRAV25,CAGTYGGSQGNLIF,TRAJ42,CAGTY-----GGSQGNLIF
-1,TRAV26-1,CIVPRGGADGLTF,TRAJ45,CIVP------RGGADGLTF
-1,TRAV1-1,CAVGGQGFSFIF,TRAJ25,CAVG-----------GQGF
-1,TRAV35,CAGAGDGGSQGNLIF,TRAJ42,CAGA----GDGGSQGNLIF
-1,TRAV1-2,CAVSDSNYQLIW,TRAJ33,CAVSD--------NYQLIW
-1,TRAV19,CALSDYNQGGKLIF,TRAJ23,CALS-----DYNQGGKLIF
-1,TRAV38-2,CAYRSLKKLTF,TRAJ48,CAYR--------SLKKLTF
-1,TRAV14,CAMANAGNMLTF,TRAJ39,CAMA-------NAGNMLTF
-1,TRAV39,CAGNQGGKLIF,TRAJ23,CAGNQ--------GGKLIF
-1,TRAV12-1,CVVNSDFGNEKLTF,TRAJ48,CVVN-----SDFGNEKLTF
-1,TRAV3,CAVRDGTGANNLFF,TRAJ36,CAVR-----DGTGANNLFF
-1,TRAV41,CAVSGGGADGLTF,TRAJ45,CAVS------GGGADGLTF
-1,TRAV3,CAVRDTYSGAGSYQLTF,TRAJ28,CAVRD--TYSGAGSYQLTF
-1,TRAV4,CLVGAPIYNQGGKLIF,TRAJ23,CLVG---APIYNQGGKLIF
-1,TRAV26-2,CILCFTSGTYKYIF,TRAJ40,CFTS--------GTYKYIF
-1,TRAV29,CAASGGGGGADGLTF,TRAJ45,CAAS----GGGGGADGLTF
-1,TRAV25,CAGPPSGTYKYIF,TRAJ40,CAGP------PSGTYKYIF
-1,TRAV38-1,CAFMRDTGNQFYF,TRAJ49,CAFM------RDTGNQFYF
-1,TRAV38-1,CAFMKQTGNQFYF,TRAJ49,CAFM------KQTGNQFYF
-1,TRAV12-2,CAVNNNNDMRF,TRAJ43,CAVN---------NNDMRF
-1,TRAV17,CATDLNIYNQGGKLIF,TRAJ23,CATDL---NIYNQGGKLIF
-1,TRAV39,YGSTDKLIF,TRAJ34,----------YGSTDKLIF
-1,TRAV12-1,CVVTSAGSQGNLIF,TRAJ42,CVVT-----SAGSQGNLIF
-1,TRAV26-2,CILSNNNDMCF,TRAJ43,CILS---------NNDMCF
-1,TRAV27,CAGPLSGGSQGNLIF,TRAJ42,CAGPL----SGGSQGNLIF
-1,TRAV4,CLVGDGSGYSTLTF,TRAJ11,CLVG-----DGSGYSTLTF
-1,TRAV1-2,CAGLDSNYQLIW,TRAJ33,CAGLD--------NYQLIW
-1,TRAV19,CALVEGSYIPTF,TRAJ6,CALV-------EGSYIPTF
-1,TRAV12-1,CVVPAGWDAGNMLTF,TRAJ39,CVVPA----GWDAGNMLTF
-1,TRAV3,CAVNYGNKLVF,TRAJ47,CAVN--------YGNKLVF
-1,TRAV19,CALSETHLGGSQGNLIF,TRAJ42,CALSE--THLGGSQGNLIF
-1,TRAV29,CAASGLGGTSYGKLTF,TRAJ52,CAAS---GLGGTSYGKLTF
-1,TRAV12-2,CAVDANARLMF,TRAJ31,CAVD--------ANARLMF
-1,TRAV38-2,CAYRSLYGGSQGNLIF,TRAJ42,CAYR---SLYGGSQGNLIF
-1,TRAV1-2,CAVREDTGFQKLVF,TRAJ8,CAVR-----EDTGFQKLVF
-1,TRAV9-2,CALLMDTGRRALTF,TRAJ5,CALL-----MDTGRRALTF
-1,TRAV17,CATDPGAQKLVF,TRAJ54,CATD-------PGAQKLVF
-1,TRAV8-1,CAVNAGNNRKLIW,TRAJ38,CAVN-------GNNRKLIW
-1,TRAV5,CAESLGGYNKLIF,TRAJ4,CAESL------GGYNKLIF
-1,TRAV4,CLVGLYQEAGNNRKLIW,TRAJ38,CLVGL---QEAGNNRKLIW
-1,TRAV21,CACSGGYNKLIF,TRAJ4,CACS-------GGYNKLIF
-1,TRAV38-2,CAYRSLDTGTASKLTF,TRAJ44,CAYR---SLDTGTASKLTF
-1,TRAV38-1,CAFMIGAGGTSYGKLTF,TRAJ52,CAFMI--GAGGTSYGKLTF
-1,TRAV19,CAGDSGGYQKVTF,TRAJ13,CAGD------SGGYQKVTF
-1,TRAV12-1,CVALMNRDDKIIF,TRAJ30,CVAL------MNRDDKIIF
-1,TRAV14,CAMRETHFGNEKLTF,TRAJ48,CAMRE----THFGNEKLTF
-1,TRAV12-2,CAVGPGYSSASKIIF,TRAJ3,CAVGP----GYSSASKIIF
-1,TRAV12-1,CVVNIDTDKLIF,TRAJ34,CVVN-------IDTDKLIF
-1,TRAV21,CAVRGGDMRF,TRAJ43,CAVRG----------DMRF
-1,TRAV26-1,CIVRALLGGYQKVTF,TRAJ13,CIVRA----LLGGYQKVTF
-1,TRAV14,CAMREDNGARLMF,TRAJ31,CAMR------EDNGARLMF
-1,TRAV38-2,CAYKGGGATNKLIF,TRAJ32,CAYK-----GGGATNKLIF
-1,TRAV19,CAFKGGAQKLVF,TRAJ54,CAFK-------GGAQKLVF
-1,TRAV22,CAVADPREYGNKLVF,TRAJ47,CAVAD----PREYGNKLVF
-1,TRAV14,CAMSHYGGSQGNLIF,TRAJ42,CAMSH----YGGSQGNLIF
-1,TRAV12-2,CAVGDDKIIF,TRAJ30,CAVG---------DDKIIF
-1,TRAV9-2,CALSRAGGTSYGKLTF,TRAJ52,CALS---RAGGTSYGKLTF
-1,TRAV30,CGRQSKFWGLPESYF,TRAJ13,CGRQS----KFWGLPESYF
-1,TRAV1-2,CAVQINQAGTALIF,TRAJ15,CAVQ-----INQAGTALIF
-1,TRAV21,CASKGGTSYGKLTF,TRAJ52,CASK-----GGTSYGKLTF
-1,TRAV21,CAVKDGGSQGNLIF,TRAJ42,CAVK-----DGGSQGNLIF
-1,TRAV36,CAVLHAGKSTF,TRAJ27,CAVL--------HAGKSTF
-1,TRAV5,CAEGGSQGNLIF,TRAJ42,CAEG-------GSQGNLIF
-1,TRAV8-1,CAGRDNAADMFTF,TRAJ39,CAGR------DNAADMFTF
-1,TRAV38-1,CAFMTNAGGTSYGKLTF,TRAJ52,CAFMT--NAGGTSYGKLTF
-1,TRAV35,CAGRTRTQGGSEKLVF,TRAJ57,CAGR---TRTQGGSEKLVF
-1,TRAV12-1,CVVNNQAGTALIF,TRAJ15,CVVN------NQAGTALIF
-1,TRAV38-1,CAFIQGAQKLVF,TRAJ54,CAFI-------QGAQKLVF
-1,TRAV10,CVAVHSNGCRLSVHL,TRAJ39,CRLSV-----NGCRLSVHL
-1,TRAV19,CALLYARLMF,TRAJ31,CALL----------ARLMF
-1,TRAV25,CAGPKNTGNQFYF,TRAJ49,CAGP------KNTGNQFYF
-1,TRAV1-1,CAVNSNYQLIW,TRAJ33,CAVNS---------YQLIW
-1,TRAV12-1,CVVNMMDDMRF,TRAJ43,CVVN---------MDDMRF
-1,TRAV27,CAGAAGANNLFF,TRAJ36,CAGA-------AGANNLFF
-1,TRAV8-2,CVVRAFNNDMRF,TRAJ43,CVVRA-------------F
-1,TRAV12-1,CVVNKEDRLMF,TRAJ31,CVVN---------EDRLMF
-1,TRAV25,FSLSGGSQGNLLF,TRAJ24,FSLS------GGSQGNLLF
-1,TRAV38-2,CAYRSVEDMRF,TRAJ43,CAYRS---------EDMRF
-1,TRAV12-2,CAVGGGKLIF,TRAJ23,CAVG---------GGKLIF
-1,TRAV14,CAMNGHTGNQFYF,TRAJ49,CAMN------GHTGNQFYF
-1,TRAV12-2,CAVNPLTGGGNKLTF,TRAJ10,CAVNP----LTGGGNKLTF
-1,TRAV17,CATERRMDSSYKLIF,TRAJ12,CATER----RMDSSYKLIF
-1,TRAV8-6,CAVTSGDYKLSF,TRAJ20,CAVT-------SGDYKLSF
-1,TRAV1-2,CAVRDTHKLSF,TRAJ20,CAVR--------DTHKLSF
-1,TRAV24,CASLMYSGGGADGLTF,TRAJ45,CASL---MYSGGGADGLTF
-1,TRAV12-2,CAVFSPTYSGAGSYQLTF,TRAJ28,CAVFSP-TYSGAGSYQLTF
-1,TRAV39,CAVDSASNYQLIW,TRAJ33,CAVDS-------SNYQLIW
-1,TRAV35,CAGLNYGGSQGNLIF,TRAJ42,CAGLN----YGGSQGNLIF
-1,TRAV12-1,CVVNRNNDMRF,TRAJ43,CVVNR---------NDMRF
-1,TRAV21,CAVNNYGQNFVF,TRAJ26,CAVN---------NYGQNF
-1,TRAV21,CAVNSNSGYALNF,TRAJ41,CAVN------SNSGYALNF
-1,TRAV8-6,CAVSEGNYQLIW,TRAJ33,CAVSE--------NYQLIW
-1,TRAV12-2,CAVGASKIIF,TRAJ3,CAVG---------ASKIIF
-1,TRAV12-3,CAMSGEGGSQGNLIF,TRAJ42,CAMS----GEGGSQGNLIF
-1,TRAV14,CAMRLTGNQFYF,TRAJ49,CAMRL-------TGNQFYF
-1,TRAV3,CAGMEYGNKLVF,TRAJ47,CAGM-------EYGNKLVF
-1,TRAV38-2,CAYRSLDLSGNTPLVF,TRAJ29,CAYR---SLDLSGNTPLVF
-1,TRAV3,CAYSSASKIIF,TRAJ3,CAYS--------SASKIIF
-1,TRAV12-2,CAVTDDKIIF,TRAJ30,CAVT---------DDKIIF
-1,TRAV38-2,CVYTGGSEKLVF,TRAJ57,CVYT-------GGSEKLVF
-1,TRAV2,CAVDTDKLIF,TRAJ34,CAVD---------TDKLIF
-1,TRAV27,CAGGHGGSQGNLIF,TRAJ42,CAGG-----HGGSQGNLIF
-1,TRAV39,CAVPSGYALNF,TRAJ41,CAVP--------SGYALNF
-1,TRAV14,CAMRERDNQGGKLIF,TRAJ23,CAMRE----RDNQGGKLIF
-1,TRAV8-1,CAVNAGQAGTALIF,TRAJ15,CAVN-----AGQAGTALIF
-1,TRAV21,CAVVETSGSRLTF,TRAJ58,CAVV------ETSGSRLTF
-1,TRAV8-6,CAVSVMDSSYKLIF,TRAJ12,CAVS-----VMDSSYKLIF
-1,TRAV29,CAASGSQGNLIF,TRAJ42,CAAS-------GSQGNLIF
-1,TRAV39,CAVDIGNQFYF,TRAJ49,CAVD--------IGNQFYF
-1,TRAV8-6,CAVSGANDYKLSF,TRAJ20,CAVS------GANDYKLSF
-1,TRAV8-4,CAVSERQAGTALIF,TRAJ15,CAVS-----ERQAGTALIF
-1,TRAV19,CALSDKAGGTSYGKLTF,TRAJ52,CALSD--KAGGTSYGKLTF
-1,TRAV13-2,CAESRLMF,TRAJ31,CAESR------------MF
-1,TRAV14,CALRPLFSDGQKLLF,TRAJ16,CALRP----LFSDGQKLLF
-1,TRAV4,CLVFSGGYNKLIF,TRAJ4,CLVF------SGGYNKLIF
-1,TRAV35,CAGPSEPGDSNYQLIW,TRAJ33,CAGPS----PGDSNYQLIW
-1,TRAV4,CLVGADTDKLIF,TRAJ34,CLVG-------ADTDKLIF
-1,TRAV16,CALGALTGQNFVF,TRAJ26,CALG--------ALTGQNF
-1,TRAV18,CALRGDKLIF,TRAJ34,CALR---------GDKLIF
-1,TRAV4,CFVADKLIF,TRAJ34,CFVA----------DKLIF
-1,TRAV12-2,CAVVVTGTASKLTF,TRAJ44,CAVV-----VTGTASKLTF
-1,TRAV27,CAGAGGGSQGNLIF,TRAJ42,CAGA-----GGGSQGNLIF
-1,TRAV12-1,CVVNWSNNDMRF,TRAJ43,CVVN--------SNNDMRF
-1,TRAV27,CAYGGSQGNLIF,TRAJ42,CAYG-------GSQGNLIF
-1,TRAV17,CATVSGTYKYIF,TRAJ40,CATV-------SGTYKYIF
-1,TRAV12-1,CVVNRDNDMRF,TRAJ43,CVVNR---------NDMRF
-1,TRAV13-1,CAASSTDSWGKLQF,TRAJ24,CAAS-----STDSWGKLQF
-1,TRAV4,CLVGDTYSGAGSYQLTF,TRAJ28,CLVGD--TYSGAGSYQLTF
-1,TRAV4,CLVGDSYSSASKIIF,TRAJ3,CLVGD----SYSSASKIIF
-1,TRAV12-3,CAPRMDSSYKLIF,TRAJ12,CAPR------MDSSYKLIF
-1,TRAV17,CARKIKRQQIQF,TRAJ21,CARK--------KRQQIQF
-1,TRAV39,CAVEKSGGSYIPTF,TRAJ6,CAVE-----KSGGSYIPTF
-1,TRAV2,CAVSNNNDMRF,TRAJ43,CAVS---------NNDMRF
-1,TRAV14,CAMSPRDDKIIF,TRAJ30,CAMS-------PRDDKIIF
-1,TRAV22,CAVYAGGADGLTF,TRAJ45,CAVY------AGGADGLTF
-1,TRAV12-2,CAVGADGLTF,TRAJ45,CAVG---------ADGLTF
-1,TRAV12-2,CAVPDNNDMRF,TRAJ43,CAVPD---------NDMRF
-1,TRAV8-1,CAATFSGGYNKLIF,TRAJ4,CAAT-----FSGGYNKLIF
-1,TRAV35,CAGPRQTSYDKVIF,TRAJ50,CAGP-----RQTSYDKVIF
-1,TRAV12-2,CAAKDDKIIF,TRAJ30,CAAK---------DDKIIF
-1,TRAV26-1,CIVRSGNQFYF,TRAJ49,CIVR--------SGNQFYF
-1,TRAV29,CAVRLGNQFYF,TRAJ49,CAVRL--------GNQFYF
-1,TRAV29,CAASGNNAGNMLTF,TRAJ39,CAAS-----GNNAGNMLTF
-1,TRAV38-2,CAYRSLDLSGGSNYKLTF,TRAJ53,CAYRSL-DLSGGSNYKLTF
-1,TRAV5,CAESKSGYNKLIF,TRAJ4,CAES------KSGYNKLIF
-1,TRAV41,CAVSSTGNQFYF,TRAJ49,CAVS-------STGNQFYF
-1,TRAV29,CAAIYSSAGKSTF,TRAJ27,CAAIY------SSAGKSTF
-1,TRAV14,CAMRDKLVF,TRAJ57,CAMR----------DKLVF
-1,TRAV13-2,CAEPSSASKIIF,TRAJ3,CAEP-------SSASKIIF
-1,TRAV8-2,CVVSDTNNAGNMLTF,TRAJ39,CVVSD----TNNAGNMLTF
-1,TRAV38-2,CAYEVRDDKIIF,TRAJ30,CAYE-------VRDDKIIF
-1,TRAV3,CAVRDISDYKLSF,TRAJ20,CAVR------DISDYKLSF
-1,TRAV3,CADYYGQNFVF,TRAJ26,CADY----------YGQNF
-1,TRAV25,CASPGDGGSQGNLIF,TRAJ42,CASP----GDGGSQGNLIF
-1,TRAV29,CAASEDDYKLSF,TRAJ20,CAAS-------EDDYKLSF
-1,TRAV27,CAGAGGGSQGNLIF,TRAJ42,CAGA-----GGGSQGNLIF
-1,TRAV29,CAAATDSWGKLQF,TRAJ24,CAAA------TDSWGKLQF
-1,TRAV38-2,CAYRSADRMDSNYQLIW,TRAJ33,CAYRS---DRMDSNYQLIW
-1,TRAV12-2,CAVNSGGSNYKLTF,TRAJ53,CAVN-----SGGSNYKLTF
-1,TRAV8-3,CAVGANFGNEKLTF,TRAJ48,CAVG-----ANFGNEKLTF
-1,TRAV27,CAGGSGANNLFF,TRAJ36,CAGG-------SGANNLFF
-1,TRAV12-2,CAVNDGASKIIF,TRAJ3,CAVN-------DGASKIIF
-1,TRAV14,CAIGFGNVLHC,TRAJ35,CAIG--------------F
-1,TRAV12-3,CAMNGDDKIIF,TRAJ30,CAMN--------GDDKIIF
-1,TRAV8-3,CAVGERDSNYQLIW,TRAJ33,CAVGE------DSNYQLIW
-1,TRAV5,CAESGGSQGNLIF,TRAJ42,CAES------GGSQGNLIF
-1,TRAV24,CAWMNRDDKIIF,TRAJ30,CAWM-------NRDDKIIF
-1,TRAV19,CALSEAGSGYSTLTF,TRAJ11,CALSE----AGSGYSTLTF
-1,TRAV26-2,CILSNNNDMRF,TRAJ43,CILS---------NNDMRF
-1,TRAV12-2,CAVNEMDSSYKLIF,TRAJ12,CAVN-----EMDSSYKLIF
-1,TRAV23,CAALYNNNDMRF,TRAJ43,CAAL--------NNNDMRF
-1,TRAV12-3,CAMDPLTGGGNKLTF,TRAJ10,CAMDP----LTGGGNKLTF
-1,TRAV10,CVVSIAGNNRKLIW,TRAJ38,CVVS------AGNNRKLIW
-1,TRAV9-2,CALRTGGGADGLTF,TRAJ45,CALR-----TGGGADGLTF
-1,TRAV6,CAPHPSGYSTLTF,TRAJ11,CAPH------PSGYSTLTF
-1,TRAV1-2,CAVKDSNYQLIW,TRAJ33,CAVKD--------NYQLIW
-1,TRAV26-2,CILRDDSGNTPLVF,TRAJ29,CILR-----DDSGNTPLVF
-1,TRAV14,CAMRGAGNEKLTF,TRAJ48,CAMR------GAGNEKLTF
-1,TRAV14,CAMSPRDDKIIF,TRAJ30,CAMS-------PRDDKIIF
-1,TRAV29,CAAGGSSNTGKLIF,TRAJ37,CAAG-----GSSNTGKLIF
-1,TRAV14,CAMREGGNYQLIW,TRAJ33,CAMRE-------GNYQLIW
-1,TRAV38-2,CAYFSLYGGSQGNLIF,TRAJ42,CAYF---SLYGGSQGNLIF
-1,TRAV38-2,CAYYSGAGSYQLTF,TRAJ28,CAYY-----SGAGSYQLTF
-1,TRAV19,CALSEADRDDKIIF,TRAJ30,CALS-----EADRDDKIIF
-1,TRAV19,CALSESANSGGYQKVTF,TRAJ13,CALSE--SANSGGYQKVTF
-1,TRAV8-2,CVVANGFKTIF,TRAJ9,CVVA--------NGFKTIF
-1,TRAV25,CAGSYGGSQGNLIF,TRAJ42,CAGSY-----GGSQGNLIF
-1,TRAV26-1,CIAGGSQGNLIF,TRAJ42,CIAG-------GSQGNLIF
-1,TRAV22,CAGFFNDYKLSF,TRAJ20,CAGFF-------NDYKLSF
-1,TRAV12-2,CARNTDKLIF,TRAJ34,CARN---------TDKLIF
-1,TRAV2,CAVDYINFNKFYF,TRAJ21,CAVDY------INFNKFYF
-1,TRAV12-2,CAVTDREAGTALIF,TRAJ15,CAVT-----DREAGTALIF
-1,TRAV38-1,CAFMIGAGGTSYGKLTF,TRAJ52,CAFMI--GAGGTSYGKLTF
-1,TRAV12-3,CARNTGNQFYF,TRAJ49,CARN--------TGNQFYF
-1,TRAV9-2,CALEGSGAGSYQLTF,TRAJ28,CALE----GSGAGSYQLTF
-1,TRAV19,CALSEGPYNNNDMRF,TRAJ43,CALSE----GPYNNNDMRF
-1,TRAV13-1,CAAYTGGFKTIF,TRAJ9,CAAY-------TGGFKTIF
-1,TRAV8-6,CAVNNNDMRF,TRAJ43,CAVN----------NDMRF
-1,TRAV12-2,CAVNKGGGSQGNLIF,TRAJ42,CAVNK----GGGSQGNLIF
-1,TRAV4,CLVGDMPSGGYQKVTF,TRAJ13,CLVGD---MPSGGYQKVTF
-1,TRAV12-2,CAVGAQKLVF,TRAJ54,CAVG---------AQKLVF
-1,TRAV17,CATDVIAGGFKTIF,TRAJ9,CATD-----VIAGGFKTIF
-1,TRAV5,CAESENDMRF,TRAJ43,CAESE----------DMRF
-1,TRAV12-1,CVVNYGGGSQGNLIF,TRAJ42,CVVNY----GGGSQGNLIF
-1,TRAV14,CAMREGIDGANNLFF,TRAJ36,CAMRE----GIDGANNLFF
-1,TRAV29,CAASDGFGNEKLTF,TRAJ48,CAAS-----DGFGNEKLTF
-1,TRAV17,CATDGGGGSQGNLIF,TRAJ42,CATD----GGGGSQGNLIF
-1,TRAV4,CLVVGRYAGNMLTF,TRAJ39,CLVV-----GRYAGNMLTF
-1,TRAV22,CAVVGWYNNNDMRF,TRAJ43,CAVV-----GWYNNNDMRF
-1,TRAV1-2,CAVSPEGSNYQLIW,TRAJ33,CAVSP------GSNYQLIW
-1,TRAV4,CLFASGGYNKLIF,TRAJ4,CLFA------SGGYNKLIF
-1,TRAV1-1,CAVGGQGFSFIF,TRAJ25,CAVG-----------GQGF
-1,TRAV21,CAVSTPGGSQGNLIF,TRAJ42,CAVS----TPGGSQGNLIF
-1,TRAV27,CAVTYSGAGSYQLTF,TRAJ28,CAVTY----SGAGSYQLTF
-1,TRAV19,CALSEANDYKLSF,TRAJ20,CALS------EANDYKLSF
-1,TRAV19,CALSERDDKIIF,TRAJ30,CALS-------ERDDKIIF
-1,TRAV12-2,CAVNRDDKIIF,TRAJ30,CAVN--------RDDKIIF
-1,TRAV20,CAVQAGSNYQLIW,TRAJ33,CAVQ-------GSNYQLIW
-1,TRAV17,CATLYGQNFVF,TRAJ26,CATL----------YGQNF
-1,TRAV8-1,CAVNAPTDSWGKLQF,TRAJ24,CAVNA----PTDSWGKLQF
-1,TRAV21,CAVRTSGTYKYIF,TRAJ40,CAVR------TSGTYKYIF
-1,TRAV12-2,CAVPVQTSYDKVIF,TRAJ50,CAVP-----VQTSYDKVIF
-1,TRAV5,CAETGGFKTIF,TRAJ9,CAET--------GGFKTIF
-1,TRAV27,CAGADGSSNTGKLIF,TRAJ37,CAGAD----GSSNTGKLIF
-1,TRAV29,CAASAWGGATNKLIF,TRAJ32,CAASA----WGGATNKLIF
-1,TRAV24,CASPNYGNMLTF,TRAJ39,CASP-------NYGNMLTF
-1,TRAV4,CLVGENFNKFYF,TRAJ21,CLVG-------ENFNKFYF
-1,TRAV3,CALGGGSYIPTF,TRAJ6,CALG-------GGSYIPTF
-1,TRAV29,CAAEGRTQGGSEKLVF,TRAJ57,CAAE---GRTQGGSEKLVF
-1,TRAV22,CAEIRDDKIIF,TRAJ30,CAEI--------RDDKIIF
-1,TRAV24,CAPYSGAGSYQLTF,TRAJ28,CAPY-----SGAGSYQLTF
-1,TRAV29,CAASSEDDKIIF,TRAJ30,CAAS-------SEDDKIIF
-1,TRAV18,CALRSNYQLIW,TRAJ33,CALRS---------YQLIW
-1,TRAV12-2,CAVNPTGGFKTIF,TRAJ9,CAVN------PTGGFKTIF
-1,TRAV25,CAGNYGGSQGNLIF,TRAJ42,CAGNY-----GGSQGNLIF
-1,TRAV35,CAGKDNYGQNFVF,TRAJ26,CAGK--------DNYGQNF
-1,TRAV27,CAGDRRKLHTTF,TRAJ6,CAGD-------RRKLHTTF
-1,TRAV4,CLVGDPSPRRDDKIIF,TRAJ30,CLVGD---PSPRRDDKIIF
-1,TRAV29,CAARGKNAGNMLTF,TRAJ39,CAAR-----GKNAGNMLTF
-1,TRAV17,CATVENNNNDMRF,TRAJ43,CATVE-------NNNDMRF
-1,TRAV5,CAKDGGYNKLIF,TRAJ4,CAKD-------GGYNKLIF
-1,TRAV12-2,CAVGAPTNDYKLSF,TRAJ30,CAVG-----APTNDYKLSF
-1,TRAV19,CALSEHTTDSWGKFQF,TRAJ24,CALSE----TTDSWGKFQF
-1,TRAV14,CAMREGYSGAGSYQLTF,TRAJ28,CAMRE--GYSGAGSYQLTF
-1,TRAV8-3,CAAFDYKLSF,TRAJ20,CAAF---------DYKLSF
-1,TRAV21,CAVHTQGGSEKLVF,TRAJ57,CAVH-----TQGGSEKLVF
-1,TRAV19,CALTRATSGTYKYIF,TRAJ40,CALTR----ATSGTYKYIF
-1,TRAV14,CAMEGNTGGFKTIF,TRAJ9,CAME---------GNTGGF
-1,TRAV4,CLVGFRPNGGYQKVTF,TRAJ13,CLVGF---RPNGGYQKVTF
-1,TRAV21,CAVDTSNFGNEKLTF,TRAJ48,CAVD----TSNFGNEKLTF
-1,TRAV3,CAVSLSSSNTGKLIF,TRAJ37,CAVSL----SSSNTGKLIF
-1,TRAV5,CAEIQASGGSYIPTF,TRAJ6,CAEIQ----ASGGSYIPTF
-1,TRAV12-2,CAALNNNARLMF,TRAJ31,CAAL--------NNARLMF
-1,TRAV38-1,CAFKDYGQNFVF,TRAJ26,CAFK---------DYGQNF
